care,harm,fairness,cheating,loyalty,betrayal,authority,subversion,purity,degradation
0.44821909070014954,0.2674559950828552,0.44021666049957275,0.25073426961898804,0.7381940484046936,0.7140637636184692,0.28572091460227966,0.14388218522071838,0.3840348720550537,0.014600569382309914
0.455024778842926,0.3029754161834717,0.4433954656124115,0.3846105635166168,0.6198165416717529,0.6309652924537659,0.2573903799057007,0.12887023389339447,0.39529913663864136,0.01035364530980587
0.42323556542396545,0.293374240398407,0.466677725315094,0.23363664746284485,0.6639152765274048,0.6737154126167297,0.2324173003435135,0.14792199432849884,0.36992087960243225,0.007442956790328026
0.44221678376197815,0.39521998167037964,0.5000410676002502,0.3705475628376007,0.6328568458557129,0.5944244265556335,0.3066082000732422,0.13891342282295227,0.333406925201416,0.009314381517469883
0.439057856798172,0.245411217212677,0.4809749126434326,0.2406386137008667,0.6359873414039612,0.5145477056503296,0.2036030888557434,0.12808862328529358,0.3018805682659149,0.012602838687598705
0.45270198583602905,0.33873575925827026,0.49821633100509644,0.41847243905067444,0.5979269742965698,0.6398736834526062,0.2556033134460449,0.16033300757408142,0.40979164838790894,0.0066611613146960735
0.3990999758243561,0.33620840311050415,0.3907146751880646,0.40727880597114563,0.536990225315094,0.5562412142753601,0.2203516960144043,0.10941066592931747,0.3041723668575287,0.011534416116774082
0.4532982110977173,0.32232776284217834,0.5851567387580872,0.38488832116127014,0.6487842798233032,0.6229777336120605,0.24798238277435303,0.15192340314388275,0.3833819329738617,0.008320554159581661
0.40679121017456055,0.3610322177410126,0.5417101979255676,0.4364355802536011,0.6843533515930176,0.602955162525177,0.29778212308883667,0.14017893373966217,0.38123369216918945,0.0070780543610453606
0.452053964138031,0.3815075755119324,0.5589540004730225,0.44129765033721924,0.6402946710586548,0.6022382378578186,0.35905808210372925,0.14653854072093964,0.35493290424346924,0.013196293264627457
0.40771952271461487,0.3057159185409546,0.4726051390171051,0.2816908359527588,0.6292529702186584,0.5748623013496399,0.25822409987449646,0.14564262330532074,0.35008153319358826,0.007783304434269667
0.45662346482276917,0.30937424302101135,0.5413806438446045,0.3927549123764038,0.6912532448768616,0.649929404258728,0.2986641526222229,0.1684846729040146,0.406655490398407,0.00665942020714283
0.4412878453731537,0.320090651512146,0.5410087704658508,0.39408889412879944,0.6312446594238281,0.6710584163665771,0.3193397521972656,0.14660170674324036,0.42070889472961426,0.006974566727876663
0.43624037504196167,0.3032870888710022,0.5035547018051147,0.4573465883731842,0.6218130588531494,0.5744989514350891,0.29703766107559204,0.13953125476837158,0.44777876138687134,0.010450499132275581
0.415641725063324,0.31725433468818665,0.5204815864562988,0.3953495919704437,0.6798829436302185,0.5677185654640198,0.25751957297325134,0.14427252113819122,0.37288495898246765,0.006102425046265125
0.478512167930603,0.393635094165802,0.2610103189945221,0.437905490398407,0.42695027589797974,0.40643957257270813,0.36549946665763855,0.13063082098960876,0.340046763420105,0.043340981006622314
0.42209890484809875,0.38710907101631165,0.4698167145252228,0.5257930755615234,0.5527392625808716,0.5153098106384277,0.23025013506412506,0.12773527204990387,0.4634361267089844,0.011864162050187588
0.4153228998184204,0.3492952883243561,0.5808995962142944,0.44622108340263367,0.619314432144165,0.5914824604988098,0.3067788779735565,0.16967201232910156,0.359176903963089,0.007206379435956478
0.43126294016838074,0.3154551386833191,0.5926607251167297,0.4455830156803131,0.6579186916351318,0.5765278935432434,0.29220137000083923,0.1641649305820465,0.43756890296936035,0.006711029913276434
0.4530273675918579,0.33106720447540283,0.5160033702850342,0.3577513098716736,0.6795874238014221,0.707647979259491,0.2813138961791992,0.13989436626434326,0.403379887342453,0.0077009727247059345
0.4551319479942322,0.2992432415485382,0.5358980894088745,0.42504963278770447,0.6756966710090637,0.6520569324493408,0.32592150568962097,0.1646532118320465,0.37115752696990967,0.006325264926999807
0.37992650270462036,0.5098832845687866,0.3847030699253082,0.3421178460121155,0.412268728017807,0.6110695600509644,0.32016363739967346,0.1973961442708969,0.41280797123908997,0.03166164830327034
0.4384278953075409,0.2840711176395416,0.5469849109649658,0.36861035227775574,0.680433988571167,0.5968015789985657,0.28795942664146423,0.1505882740020752,0.3876676857471466,0.007691068109124899
0.38683953881263733,0.4314931035041809,0.5531861782073975,0.4789993166923523,0.5691244602203369,0.5303797721862793,0.27856576442718506,0.17366336286067963,0.42584431171417236,0.009548434987664223
0.4220481812953949,0.3185746371746063,0.5171950459480286,0.3116362392902374,0.6329030394554138,0.5277470350265503,0.31293627619743347,0.14474961161613464,0.33175042271614075,0.009135999716818333
0.37437474727630615,0.2877182066440582,0.3858947455883026,0.23343394696712494,0.5814008712768555,0.42166826128959656,0.26227322220802307,0.12783731520175934,0.28969401121139526,0.015169011428952217
0.4359249472618103,0.29913684725761414,0.4529910683631897,0.24410606920719147,0.655466616153717,0.5922456979751587,0.30431056022644043,0.18831822276115417,0.32369184494018555,0.016914725303649902
0.35206443071365356,0.46503788232803345,0.4729507565498352,0.41237780451774597,0.5678876638412476,0.5370162725448608,0.25534287095069885,0.18334247171878815,0.3070574998855591,0.024671535938978195
0.4381832182407379,0.2701409161090851,0.43224433064460754,0.3164891302585602,0.6654688715934753,0.6239113807678223,0.2975238561630249,0.16940604150295258,0.3327077627182007,0.007211187854409218
0.42433255910873413,0.2729925811290741,0.4868423640727997,0.3630979657173157,0.6280267834663391,0.6190681457519531,0.2702982723712921,0.12258845567703247,0.3522559106349945,0.0067209904082119465
0.45752158761024475,0.399507999420166,0.4952518343925476,0.46959054470062256,0.6320977210998535,0.675366222858429,0.31975820660591125,0.15808546543121338,0.3128349781036377,0.009654611349105835
0.35270318388938904,0.45599043369293213,0.3009834885597229,0.14775000512599945,0.4894349277019501,0.49164754152297974,0.20354220271110535,0.20725376904010773,0.37019479274749756,0.44928422570228577
0.4231799840927124,0.2864619493484497,0.5076944828033447,0.38751789927482605,0.6407028436660767,0.6217503547668457,0.2838892638683319,0.13409008085727692,0.40015116333961487,0.007440822198987007
0.43807071447372437,0.38178950548171997,0.3062343895435333,0.18233796954154968,0.5372827053070068,0.4556972086429596,0.31876295804977417,0.2083991914987564,0.2645271122455597,0.0446968637406826
0.42585426568984985,0.30173441767692566,0.4794865846633911,0.30012500286102295,0.628296971321106,0.6197696924209595,0.2670883536338806,0.15051791071891785,0.40998575091362,0.00926607009023428
0.47450539469718933,0.2995925843715668,0.5144190788269043,0.2996045649051666,0.6412786245346069,0.6493656039237976,0.2707138657569885,0.16143196821212769,0.4104263484477997,0.008373047225177288
0.36428287625312805,0.3309631645679474,0.3141626715660095,0.2928352952003479,0.4598762094974518,0.39901021122932434,0.27534839510917664,0.15526548027992249,0.31895461678504944,0.08186842501163483
0.46987012028694153,0.39504480361938477,0.26494818925857544,0.20104987919330597,0.4383673667907715,0.4467245638370514,0.330341637134552,0.13109517097473145,0.4396810233592987,0.13997098803520203
0.47328102588653564,0.35682055354118347,0.2552441656589508,0.21644693613052368,0.42114824056625366,0.371192067861557,0.3731389343738556,0.18087062239646912,0.4118484556674957,0.18765220046043396
0.34011760354042053,0.448189377784729,0.28227174282073975,0.13602738082408905,0.3193596303462982,0.3003561496734619,0.27319249510765076,0.3341169059276581,0.3435303270816803,0.9241325259208679
0.4313010573387146,0.3216569721698761,0.5569491982460022,0.4013134837150574,0.6338732242584229,0.6826208233833313,0.28822243213653564,0.18643903732299805,0.3693167567253113,0.007139506284147501
0.42957401275634766,0.3077053725719452,0.518811821937561,0.3014030456542969,0.6746386885643005,0.6173046827316284,0.2702447175979614,0.150410458445549,0.4254014492034912,0.010541925206780434
0.42690712213516235,0.30963289737701416,0.5074817538261414,0.4542289674282074,0.6498273611068726,0.6580033302307129,0.27402475476264954,0.18032564222812653,0.3791380524635315,0.0068474020808935165
0.42425283789634705,0.3127855658531189,0.5866472125053406,0.34808385372161865,0.611383318901062,0.689970850944519,0.31304144859313965,0.1507798433303833,0.3820081055164337,0.0071390969678759575
0.43425101041793823,0.3288566470146179,0.4179309010505676,0.2387823611497879,0.6532944440841675,0.6436975002288818,0.23900863528251648,0.15735644102096558,0.3824062943458557,0.010449089109897614
0.4852261543273926,0.3985687792301178,0.35540249943733215,0.17788700759410858,0.4275679886341095,0.4688138961791992,0.2861504852771759,0.2943870723247528,0.34895971417427063,0.6724787950515747
0.42531004548072815,0.41994810104370117,0.2251712530851364,0.1287994235754013,0.34622493386268616,0.3881837725639343,0.2534264326095581,0.2335493117570877,0.2725035548210144,0.5178448557853699
0.5178561806678772,0.455227792263031,0.27996826171875,0.25367963314056396,0.5095992088317871,0.5334197282791138,0.2954568862915039,0.138060063123703,0.3836442828178406,0.05034596100449562
0.3530770242214203,0.3496430218219757,0.22012673318386078,0.17874985933303833,0.3695465922355652,0.40236973762512207,0.20992079377174377,0.21524247527122498,0.3881721496582031,0.061550039798021317
0.3861406743526459,0.4087456166744232,0.45683035254478455,0.3822912871837616,0.688325047492981,0.5444673895835876,0.3105045258998871,0.1615724116563797,0.2934720814228058,0.01167245116084814
0.4339091181755066,0.3109164834022522,0.45168161392211914,0.45909222960472107,0.6214417815208435,0.5745585560798645,0.23437663912773132,0.15914811193943024,0.35424375534057617,0.010807522572577
0.46788349747657776,0.27992814779281616,0.5154942870140076,0.30370935797691345,0.7000700831413269,0.6625835299491882,0.3118610084056854,0.14768007397651672,0.4433821141719818,0.0069303144700825214
0.46830591559410095,0.33861711621284485,0.5424653887748718,0.511199951171875,0.6380311250686646,0.6686794757843018,0.2898702025413513,0.17236338555812836,0.42560410499572754,0.008353281766176224
0.4852261543273926,0.3985687792301178,0.35540249943733215,0.17788700759410858,0.4275679886341095,0.4688138961791992,0.2861504852771759,0.2943870723247528,0.34895971417427063,0.6724787950515747
0.4283818304538727,0.3005881607532501,0.5926612615585327,0.39718005061149597,0.6567319631576538,0.6602177023887634,0.29443618655204773,0.17471599578857422,0.4422203600406647,0.0061257933266460896
0.4164476990699768,0.3367866575717926,0.5228070616722107,0.4323776960372925,0.6304735541343689,0.583593487739563,0.27157479524612427,0.14922286570072174,0.39502665400505066,0.007690198253840208
0.47490066289901733,0.2691652476787567,0.5314087271690369,0.4993721842765808,0.6860241889953613,0.6375688314437866,0.3134024441242218,0.17308756709098816,0.43524059653282166,0.01198236271739006
0.4940115809440613,0.37452176213264465,0.5620604753494263,0.5094387531280518,0.6529228687286377,0.6445228457450867,0.2762955129146576,0.18598249554634094,0.4771132171154022,0.013067489489912987
0.43469518423080444,0.26545342803001404,0.5372048020362854,0.41070154309272766,0.6826608777046204,0.6628140807151794,0.32419419288635254,0.1575932800769806,0.3908413350582123,0.007307445630431175
0.3717706799507141,0.37443482875823975,0.17099231481552124,0.2889307737350464,0.3645729422569275,0.4800422787666321,0.2500341534614563,0.16376827657222748,0.40224990248680115,0.08390706032514572
0.3827514946460724,0.2896389067173004,0.45073971152305603,0.33378714323043823,0.5937076210975647,0.6630422472953796,0.29635897278785706,0.1520427167415619,0.40367835760116577,0.008511367253959179
0.4402889907360077,0.36065155267715454,0.29408007860183716,0.2516239285469055,0.3245874047279358,0.5055917501449585,0.316337913274765,0.2049531787633896,0.4659472107887268,0.1463221311569214
0.45597848296165466,0.46755850315093994,0.5329409241676331,0.4617893695831299,0.6985967755317688,0.6611037254333496,0.4010608494281769,0.1353835016489029,0.3416040539741516,0.014473634772002697
0.404371976852417,0.41933831572532654,0.4772776663303375,0.4408946633338928,0.4980526268482208,0.5334585905075073,0.29657477140426636,0.19749042391777039,0.3858437240123749,0.022114483639597893
0.42626410722732544,0.2943370044231415,0.5066484212875366,0.3703334927558899,0.7209153175354004,0.6676574945449829,0.3260793089866638,0.16652004420757294,0.3579344153404236,0.00632914062589407
0.37091341614723206,0.29035720229148865,0.44762009382247925,0.26691538095474243,0.5852108597755432,0.5738286972045898,0.2154592126607895,0.20680299401283264,0.3283582031726837,0.012326808646321297
0.39019832015037537,0.37716376781463623,0.4019978642463684,0.376924991607666,0.608643114566803,0.5899193286895752,0.30281755328178406,0.19710123538970947,0.30256280303001404,0.019221479073166847
0.44536304473876953,0.3122299313545227,0.5252684354782104,0.4931263029575348,0.6512123942375183,0.675491988658905,0.3082406222820282,0.18216665089130402,0.4515911936759949,0.007868185639381409
0.40701374411582947,0.37403878569602966,0.5835001468658447,0.3746597468852997,0.6898207068443298,0.6373483538627625,0.3263067603111267,0.17298220098018646,0.3868066668510437,0.006957572884857655
0.422015517950058,0.24710415303707123,0.4639816880226135,0.3339690566062927,0.5711989402770996,0.5762406587600708,0.2827054560184479,0.15153995156288147,0.4228720963001251,0.007762291468679905
0.4626672565937042,0.3373250961303711,0.5637884736061096,0.41534796357154846,0.6886641383171082,0.6620187759399414,0.3047802150249481,0.16665704548358917,0.45780766010284424,0.006649198941886425
0.40532562136650085,0.32054606080055237,0.4753204882144928,0.3328976631164551,0.7245826721191406,0.6549336910247803,0.3090706169605255,0.12299969792366028,0.3841232657432556,0.00702147651463747
0.40812015533447266,0.30619072914123535,0.44807660579681396,0.4039386510848999,0.5599650740623474,0.5588480830192566,0.26408466696739197,0.12877383828163147,0.43438073992729187,0.014953883364796638
0.44424909353256226,0.31224021315574646,0.4684407413005829,0.4371664524078369,0.6390364170074463,0.6385420560836792,0.31995370984077454,0.13529476523399353,0.4637191891670227,0.007241733372211456
0.45687752962112427,0.30308979749679565,0.5410776734352112,0.49021655321121216,0.6367660164833069,0.6498916149139404,0.3307700455188751,0.15580213069915771,0.45575305819511414,0.00800267606973648
0.4507238566875458,0.28817713260650635,0.5399879217147827,0.4191049039363861,0.6405954957008362,0.6750971078872681,0.3043096363544464,0.1305682361125946,0.3910795748233795,0.007692414335906506
0.3289569318294525,0.5689480304718018,0.45144784450531006,0.4511861205101013,0.361950546503067,0.4295441210269928,0.33586999773979187,0.2734719514846802,0.29252874851226807,0.0631023645401001
0.3725702166557312,0.3014586865901947,0.24823077023029327,0.45929616689682007,0.3772306442260742,0.3650129437446594,0.2431601583957672,0.13276293873786926,0.4134161174297333,0.07878733426332474
0.37175923585891724,0.3905622959136963,0.5641374588012695,0.4464336931705475,0.691670835018158,0.6049962639808655,0.4527595043182373,0.2038605958223343,0.348619282245636,0.008424753323197365
0.40552380681037903,0.3154773712158203,0.47958865761756897,0.4329184293746948,0.6547841429710388,0.594892680644989,0.30116307735443115,0.1498899757862091,0.37472444772720337,0.007239312864840031
0.43489840626716614,0.27299734950065613,0.48184725642204285,0.42811986804008484,0.677619457244873,0.5824998021125793,0.2955535054206848,0.1697477102279663,0.36577633023262024,0.006677793804556131
0.4276445806026459,0.46326830983161926,0.28256842494010925,0.15586543083190918,0.3488653302192688,0.37024441361427307,0.23701691627502441,0.26699376106262207,0.32740557193756104,0.7332153916358948
0.41362982988357544,0.3255484402179718,0.5082098245620728,0.4149171710014343,0.6287064552307129,0.6002370715141296,0.3338126838207245,0.15084074437618256,0.395394504070282,0.006236836314201355
0.4355563521385193,0.31409111618995667,0.511560320854187,0.43001025915145874,0.6407312154769897,0.6402513980865479,0.33269843459129333,0.15990698337554932,0.3797605037689209,0.006801215466111898
0.44980674982070923,0.27909812331199646,0.5506702065467834,0.4311581254005432,0.7018198370933533,0.6680168509483337,0.37426984310150146,0.1710159033536911,0.450269490480423,0.005771076772361994
0.3763694763183594,0.3492017090320587,0.37732967734336853,0.3510493338108063,0.5181506872177124,0.4557030498981476,0.30758240818977356,0.1703307330608368,0.41032519936561584,0.02149009145796299
0.4401203393936157,0.30305057764053345,0.5125085115432739,0.40913623571395874,0.6598786115646362,0.6658356785774231,0.34158584475517273,0.15455833077430725,0.45078644156455994,0.005962544120848179
0.436760276556015,0.263793408870697,0.3956308662891388,0.3035322427749634,0.6074507236480713,0.5996097922325134,0.28286275267601013,0.13658678531646729,0.4071177840232849,0.0076143136247992516
0.4341636598110199,0.2808819115161896,0.4386422038078308,0.35266587138175964,0.6439937949180603,0.6188310980796814,0.2813623249530792,0.13106217980384827,0.4063228368759155,0.0075392452999949455
0.3737166225910187,0.3329414129257202,0.4177536070346832,0.40383949875831604,0.6783150434494019,0.6219178438186646,0.3051808476448059,0.14877110719680786,0.3520472049713135,0.01200857199728489
0.31181347370147705,0.38193002343177795,0.473440021276474,0.556763768196106,0.525022029876709,0.5744239091873169,0.3441208004951477,0.20582368969917297,0.37706395983695984,0.01332796923816204
0.3248232305049896,0.45826950669288635,0.4587482511997223,0.5161285996437073,0.5317476987838745,0.5497843027114868,0.3471505641937256,0.18152964115142822,0.36444926261901855,0.011715833097696304
0.381381630897522,0.36573854088783264,0.5649307370185852,0.4300110638141632,0.6618168354034424,0.6414558291435242,0.33631178736686707,0.15307660400867462,0.3313215672969818,0.007577076554298401
0.3643591105937958,0.43894609808921814,0.4629967212677002,0.6122015118598938,0.5607606768608093,0.585590124130249,0.33155617117881775,0.19775833189487457,0.42658358812332153,0.009844932705163956
0.3957199156284332,0.49514925479888916,0.5924132466316223,0.548704981803894,0.5902571082115173,0.5646538138389587,0.29109689593315125,0.16137008368968964,0.38193953037261963,0.021830426529049873
0.48751896619796753,0.41991639137268066,0.24655216932296753,0.3916783332824707,0.6271974444389343,0.4538111388683319,0.37341758608818054,0.18537519872188568,0.31649503111839294,0.0690823495388031
0.3867664039134979,0.4294867217540741,0.5084224343299866,0.5146549940109253,0.6483206748962402,0.5388476848602295,0.3178453743457794,0.1575305461883545,0.3660004138946533,0.009222004562616348
0.3807416558265686,0.38276639580726624,0.47530144453048706,0.48674044013023376,0.5665323734283447,0.5738340616226196,0.24898061156272888,0.16858910024166107,0.33146655559539795,0.010121415369212627
0.39592444896698,0.3476874530315399,0.46397554874420166,0.47492918372154236,0.6429281830787659,0.6060802936553955,0.32508009672164917,0.1585603505373001,0.37327465415000916,0.006248704623430967
0.47516828775405884,0.3808363378047943,0.5406613349914551,0.3349945545196533,0.5756028890609741,0.5149832963943481,0.28988105058670044,0.15844877064228058,0.3560101091861725,0.01664401777088642
0.41131430864334106,0.3718046247959137,0.453500896692276,0.4721682369709015,0.5841929912567139,0.5831279158592224,0.30427804589271545,0.12395130097866058,0.3594605028629303,0.008411644957959652
0.37081700563430786,0.38965651392936707,0.514251172542572,0.4142145812511444,0.6382035613059998,0.6854953765869141,0.36926132440567017,0.2398616522550583,0.36107513308525085,0.006910422351211309
0.42129337787628174,0.36104193329811096,0.45127829909324646,0.39126816391944885,0.6352753639221191,0.5891798138618469,0.32977643609046936,0.1481630504131317,0.39568015933036804,0.006742990110069513
0.43080779910087585,0.3409188687801361,0.4352424144744873,0.43151283264160156,0.644982099533081,0.6253436207771301,0.3209754526615143,0.16842664778232574,0.4035474359989166,0.006783307529985905
0.37858960032463074,0.3943886458873749,0.505927324295044,0.29885512590408325,0.6377823352813721,0.5629368424415588,0.3693928122520447,0.18426178395748138,0.3122572898864746,0.011958050541579723
0.4471553862094879,0.3215152323246002,0.4841490387916565,0.5193456411361694,0.6341631412506104,0.6541036367416382,0.3277711272239685,0.18987984955310822,0.44279709458351135,0.008129728958010674
0.4381186068058014,0.3253641724586487,0.5151517987251282,0.46047255396842957,0.6115957498550415,0.6444876790046692,0.33858323097229004,0.1945943832397461,0.4384247660636902,0.007323038764297962
0.3642923831939697,0.2705223858356476,0.4244995415210724,0.3100902736186981,0.553440272808075,0.5258246064186096,0.24540506303310394,0.1415797919034958,0.35941171646118164,0.01021128986030817
0.36538204550743103,0.4256344735622406,0.4507540762424469,0.5258467793464661,0.5574585199356079,0.5550209879875183,0.2831325829029083,0.16585500538349152,0.3905186653137207,0.010923820547759533
0.39032891392707825,0.39079323410987854,0.43444716930389404,0.3931594789028168,0.565017819404602,0.597251296043396,0.3653276860713959,0.19310975074768066,0.394625723361969,0.007711032871156931
0.47404754161834717,0.2926361560821533,0.5198989510536194,0.4126172959804535,0.6612123250961304,0.6323956251144409,0.32266828417778015,0.1609344184398651,0.3946537375450134,0.006736870855093002
0.3492852449417114,0.4260612726211548,0.5284565091133118,0.3302459120750427,0.6174697279930115,0.6509995460510254,0.36693617701530457,0.23869569599628448,0.34466901421546936,0.008034737780690193
0.444182813167572,0.305106520652771,0.46574750542640686,0.3920293152332306,0.5860154032707214,0.5028485655784607,0.248917818069458,0.12344089150428772,0.34575992822647095,0.008164611645042896
0.39080607891082764,0.3788498044013977,0.5466797351837158,0.4259672462940216,0.6430200934410095,0.6582276821136475,0.37325066328048706,0.17852090299129486,0.4074691832065582,0.0057919262908399105
0.40556395053863525,0.3142757713794708,0.3674253821372986,0.3388870358467102,0.4911937117576599,0.4796646535396576,0.2134242057800293,0.1165178194642067,0.3470395803451538,0.014412060379981995
0.38833126425743103,0.3304196894168854,0.4981153905391693,0.4750851094722748,0.603734016418457,0.6524713635444641,0.296866774559021,0.17855341732501984,0.4204588830471039,0.006580769084393978
0.34645700454711914,0.40210598707199097,0.478359580039978,0.3919650614261627,0.5765004754066467,0.5644412040710449,0.28339189291000366,0.17784994840621948,0.3671894967556,0.007281711790710688
0.4122287929058075,0.3375692069530487,0.5501526594161987,0.4018081724643707,0.6502998471260071,0.6771340370178223,0.33634909987449646,0.18420831859111786,0.3562408983707428,0.00601794570684433
0.4153951108455658,0.3401382565498352,0.5071319341659546,0.43395349383354187,0.6073167324066162,0.6347697377204895,0.33745694160461426,0.1559251844882965,0.4142022728919983,0.006027465220540762
0.385135293006897,0.4046538472175598,0.551071286201477,0.5209982991218567,0.6395317912101746,0.6517192721366882,0.38184335827827454,0.1903422325849533,0.4198106825351715,0.008368296548724174
0.41313067078590393,0.32673144340515137,0.5330929756164551,0.5137881636619568,0.5974240303039551,0.6256086826324463,0.4151502251625061,0.1592760533094406,0.38972216844558716,0.007113354746252298
0.3886451721191406,0.3306792378425598,0.5261984467506409,0.46905994415283203,0.6016796231269836,0.6022694110870361,0.3693642318248749,0.16695639491081238,0.4167342185974121,0.006120686419308186
0.3949958086013794,0.39342278242111206,0.586948037147522,0.42030268907546997,0.6413641571998596,0.6535449028015137,0.3454451560974121,0.18137703835964203,0.3869474232196808,0.0058925519697368145
0.3925219178199768,0.35314980149269104,0.4545459449291229,0.4333206117153168,0.5857905745506287,0.4932657480239868,0.3035564720630646,0.13905884325504303,0.31738585233688354,0.008444921113550663
0.3971664607524872,0.32884106040000916,0.562280535697937,0.3794258236885071,0.6581164598464966,0.6655617356300354,0.3677464425563812,0.16505995392799377,0.39981576800346375,0.005493230186402798
0.3979509174823761,0.3687157928943634,0.43724340200424194,0.3211142122745514,0.5332892537117004,0.5116806626319885,0.2681834101676941,0.1568268984556198,0.3339914083480835,0.008116988465189934
0.41889670491218567,0.2688768208026886,0.3953787684440613,0.33063966035842896,0.6352777481079102,0.5639714002609253,0.24632114171981812,0.13852432370185852,0.3958697021007538,0.008243287913501263
0.4822552800178528,0.22077809274196625,0.49787643551826477,0.36775195598602295,0.7197115421295166,0.6654945015907288,0.31622862815856934,0.148143008351326,0.44521045684814453,0.007362761534750462
0.3417574167251587,0.48167094588279724,0.6011555194854736,0.33763888478279114,0.6285387277603149,0.5113714337348938,0.4152231514453888,0.25273001194000244,0.3203084170818329,0.026559388265013695
0.4306683838367462,0.32997962832450867,0.42286667227745056,0.352228581905365,0.6414898633956909,0.5216882228851318,0.31003013253211975,0.14760810136795044,0.38672760128974915,0.02336488850414753
0.4196804463863373,0.3303109109401703,0.3889189064502716,0.3212393522262573,0.6047425866127014,0.5330230593681335,0.31817367672920227,0.11375363916158676,0.40233802795410156,0.009315133094787598
0.46268323063850403,0.3010426461696625,0.3685588240623474,0.267049103975296,0.6070742011070251,0.5039820075035095,0.19010905921459198,0.10558117926120758,0.4119105637073517,0.02126329392194748
0.44674229621887207,0.36915555596351624,0.4473080337047577,0.4195011258125305,0.5934280157089233,0.6336603760719299,0.26892727613449097,0.12690764665603638,0.3790398836135864,0.009805201552808285
0.4000893533229828,0.44481581449508667,0.2947729229927063,0.3122980296611786,0.41490182280540466,0.4421488344669342,0.27441638708114624,0.19238412380218506,0.4170014560222626,0.28882429003715515
0.38980400562286377,0.4510975778102875,0.3620266020298004,0.30065762996673584,0.3857451379299164,0.44132179021835327,0.35690009593963623,0.24355608224868774,0.4071529805660248,0.4168749153614044
0.383393257856369,0.293779581785202,0.4364495575428009,0.30597439408302307,0.6563463807106018,0.6070786714553833,0.266480416059494,0.13092657923698425,0.36106520891189575,0.006917058490216732
0.40406501293182373,0.2663746476173401,0.5244935750961304,0.3355307877063751,0.6477264165878296,0.5449908375740051,0.2305566817522049,0.17825455963611603,0.3609590530395508,0.008015179075300694
0.4196188151836395,0.27666908502578735,0.5165210962295532,0.3674984574317932,0.6802222728729248,0.6626394391059875,0.26291441917419434,0.15520761907100677,0.3882289528846741,0.00620289146900177
0.4190865159034729,0.25072163343429565,0.48705366253852844,0.33671411871910095,0.670501172542572,0.6120028495788574,0.262371689081192,0.14848262071609497,0.39883652329444885,0.006015154533088207
0.41693297028541565,0.31860241293907166,0.528110682964325,0.42207008600234985,0.6110767126083374,0.5989313721656799,0.30607888102531433,0.16943436861038208,0.4202696681022644,0.007596208248287439
0.3912900388240814,0.28593459725379944,0.4800587594509125,0.37152135372161865,0.6521590948104858,0.5892645716667175,0.25431233644485474,0.1326298713684082,0.4050010144710541,0.00670239981263876
0.442205548286438,0.3061673045158386,0.46890246868133545,0.4023374021053314,0.6195586919784546,0.6137399673461914,0.2633034586906433,0.16453848779201508,0.39021995663642883,0.007389637641608715
0.4404025375843048,0.2835713028907776,0.5446627736091614,0.3094324767589569,0.7081109285354614,0.6232728362083435,0.2895689010620117,0.16529004275798798,0.40563321113586426,0.006472053937613964
0.3844846785068512,0.35111916065216064,0.4673285484313965,0.33891546726226807,0.5618430376052856,0.5668378472328186,0.2684309184551239,0.16768397390842438,0.3958301842212677,0.011824608780443668
0.43432819843292236,0.30005937814712524,0.5199325680732727,0.39987900853157043,0.6222273111343384,0.6272377967834473,0.2729335129261017,0.15278683602809906,0.4006352126598358,0.007388249970972538
0.43858566880226135,0.2655642628669739,0.5462940335273743,0.3575173020362854,0.6690341234207153,0.6173110008239746,0.28065553307533264,0.14003755152225494,0.4215722978115082,0.005957501009106636
0.4179779291152954,0.27193525433540344,0.45521265268325806,0.3544852137565613,0.668612539768219,0.5985919833183289,0.2812097370624542,0.14316397905349731,0.3841730058193207,0.006120146717876196
0.4059765040874481,0.3459567427635193,0.47054097056388855,0.48309609293937683,0.5930577516555786,0.5992866158485413,0.23647697269916534,0.16033458709716797,0.3706561028957367,0.009654989466071129
0.401986300945282,0.3138633668422699,0.5400341153144836,0.36182451248168945,0.6715896725654602,0.6063768863677979,0.33050110936164856,0.16399680078029633,0.3864136040210724,0.006366456858813763
0.4386599361896515,0.2923295199871063,0.47837477922439575,0.3515331447124481,0.6656091213226318,0.6460774540901184,0.24104207754135132,0.15701551735401154,0.3589407801628113,0.0065535795874893665
0.4238941967487335,0.30026790499687195,0.5091119408607483,0.3624778389930725,0.6683634519577026,0.6457279324531555,0.2734648287296295,0.14745882153511047,0.4332602322101593,0.006438304204493761
0.41857674717903137,0.2629717290401459,0.49919411540031433,0.3346182405948639,0.6351264119148254,0.5659158229827881,0.3113715350627899,0.16739040613174438,0.396370530128479,0.007829975336790085
0.43477243185043335,0.34809252619743347,0.5096262097358704,0.4318779706954956,0.6300789713859558,0.6588283181190491,0.34995031356811523,0.17929819226264954,0.4074079692363739,0.00997006706893444
0.4511531889438629,0.35717955231666565,0.4255152642726898,0.3702407479286194,0.5906028151512146,0.5502815246582031,0.31611257791519165,0.13526086509227753,0.3817713260650635,0.009433410130441189
0.43612155318260193,0.24504244327545166,0.5111794471740723,0.34983763098716736,0.6462300419807434,0.6286128163337708,0.29900240898132324,0.14058183133602142,0.4319593608379364,0.006247099954634905
0.44345784187316895,0.3242778182029724,0.3631327450275421,0.4356946051120758,0.4701487123966217,0.3319578766822815,0.32160601019859314,0.15714430809020996,0.37885913252830505,0.0265208650380373
0.49469828605651855,0.2889668643474579,0.26685529947280884,0.28509896993637085,0.5235974192619324,0.6318100690841675,0.2362431436777115,0.16057157516479492,0.3994992673397064,0.040443502366542816
0.38234761357307434,0.2763645648956299,0.36917391419410706,0.32162782549858093,0.5114437341690063,0.5078245401382446,0.21893413364887238,0.14499665796756744,0.418974369764328,0.011397253721952438
0.4457346796989441,0.2871285676956177,0.4864634871482849,0.4044177234172821,0.6376734375953674,0.6115990281105042,0.2738034427165985,0.15038557350635529,0.4039200246334076,0.006355688441544771
0.42042437195777893,0.3039167821407318,0.4540468454360962,0.36034029722213745,0.6409629583358765,0.6071680188179016,0.2894725799560547,0.13519124686717987,0.3781689405441284,0.006500875111669302
0.4215885400772095,0.2893611490726471,0.42975613474845886,0.3266259431838989,0.6451294422149658,0.5424485206604004,0.24294152855873108,0.155129075050354,0.38190919160842896,0.008013865910470486
0.4282523989677429,0.30906349420547485,0.4860527813434601,0.3920744061470032,0.650922417640686,0.5720235109329224,0.3137701153755188,0.14168964326381683,0.387845903635025,0.00667265010997653
0.4419725239276886,0.2995823621749878,0.49948179721832275,0.3823062479496002,0.7123403549194336,0.65869140625,0.29181304574012756,0.16403533518314362,0.3982163667678833,0.006589159369468689
0.4252246618270874,0.28053128719329834,0.43059054017066956,0.34677359461784363,0.6571224331855774,0.5994697213172913,0.2587084472179413,0.15827225148677826,0.39069345593452454,0.0064249602146446705
0.42881709337234497,0.374950647354126,0.43680137395858765,0.4605715572834015,0.6400787830352783,0.6538475155830383,0.2686082422733307,0.15963426232337952,0.4236449897289276,0.009717336855828762
0.4029701352119446,0.2932771146297455,0.4403493106365204,0.3322531580924988,0.6601453423500061,0.5652549266815186,0.29243990778923035,0.17604008316993713,0.37715303897857666,0.006798123940825462
0.4327796399593353,0.32806310057640076,0.4721686840057373,0.3568158447742462,0.6475900411605835,0.6345405578613281,0.26112285256385803,0.18069322407245636,0.3870674669742584,0.007405474316328764
0.408020943403244,0.33438459038734436,0.5558329224586487,0.3261682689189911,0.6196866035461426,0.6070542931556702,0.2994805574417114,0.2102995216846466,0.392435759305954,0.00965168047696352
0.442179411649704,0.30005455017089844,0.46251538395881653,0.3105500340461731,0.6850391626358032,0.6245438456535339,0.2879183292388916,0.14207826554775238,0.37741366028785706,0.00678657554090023
0.4424278438091278,0.3440643846988678,0.47249212861061096,0.3738560378551483,0.683606743812561,0.6256449222564697,0.30238837003707886,0.1773466318845749,0.42238613963127136,0.009307870641350746
0.48337578773498535,0.31069567799568176,0.4223491847515106,0.2093910574913025,0.5960767269134521,0.6157317161560059,0.20514145493507385,0.14381401240825653,0.3642701506614685,0.021906541660428047
0.43473318219184875,0.26542699337005615,0.4796139597892761,0.34956273436546326,0.6959224343299866,0.6146023273468018,0.2894286513328552,0.18367774784564972,0.36562395095825195,0.007040278520435095
0.3161796033382416,0.4840409755706787,0.36622148752212524,0.2798910140991211,0.4240538477897644,0.4589298665523529,0.3637823462486267,0.2983655035495758,0.21858671307563782,0.04830460995435715
0.416039377450943,0.2953684628009796,0.4537172019481659,0.3823365271091461,0.6668956279754639,0.5970156192779541,0.26753881573677063,0.14639371633529663,0.4040948152542114,0.006090234499424696
0.43064960837364197,0.2975125014781952,0.4864893853664398,0.33505484461784363,0.692794919013977,0.6225427389144897,0.30325058102607727,0.15819749236106873,0.3648310601711273,0.006239958107471466
0.4400344491004944,0.3218836188316345,0.5186922550201416,0.45219215750694275,0.6499356627464294,0.6450324058532715,0.27199116349220276,0.160952627658844,0.3667137324810028,0.0067863441072404385
0.4718354344367981,0.3416949510574341,0.4352019727230072,0.32428184151649475,0.6443599462509155,0.6269019842147827,0.2597372829914093,0.15624648332595825,0.3432067632675171,0.012436604127287865
0.4056587219238281,0.32276129722595215,0.37546297907829285,0.36830297112464905,0.6459559202194214,0.5131656527519226,0.25110363960266113,0.15284591913223267,0.3765890300273895,0.011983638629317284
0.4419105648994446,0.2737484574317932,0.33601677417755127,0.22993874549865723,0.6079189777374268,0.5492573976516724,0.2113584280014038,0.12407287955284119,0.3076635003089905,0.012987746857106686
0.3890630006790161,0.32135340571403503,0.33441224694252014,0.11815725266933441,0.3984740376472473,0.4193294942378998,0.2179650366306305,0.28997987508773804,0.24102844297885895,0.42404675483703613
0.43668800592422485,0.27908840775489807,0.5417850613594055,0.35674092173576355,0.6848291754722595,0.6411321759223938,0.299054354429245,0.15491163730621338,0.4093029797077179,0.006462880875915289
0.4775165021419525,0.33714139461517334,0.3826426863670349,0.23163965344429016,0.6540398597717285,0.5853557586669922,0.22335834801197052,0.15985523164272308,0.48314139246940613,0.02522125653922558
0.43210867047309875,0.3357188403606415,0.49367833137512207,0.3781357407569885,0.685259222984314,0.6440614461898804,0.28544169664382935,0.16914282739162445,0.35942909121513367,0.006372072733938694
0.3504750728607178,0.323637992143631,0.5565559267997742,0.4208592176437378,0.6423028111457825,0.5621589422225952,0.35544729232788086,0.16471783816814423,0.3797714114189148,0.0071639553643763065
0.38988152146339417,0.336311012506485,0.40188536047935486,0.3299882411956787,0.6081117987632751,0.48666390776634216,0.21735264360904694,0.12427764385938644,0.3371829390525818,0.009597369469702244
0.42404380440711975,0.331100195646286,0.5112394690513611,0.4183022975921631,0.6556553244590759,0.632404088973999,0.28861287236213684,0.16262651979923248,0.44754672050476074,0.006284774746745825
0.36948055028915405,0.2956457734107971,0.4010479748249054,0.41299474239349365,0.5582594275474548,0.47417986392974854,0.28169184923171997,0.17143131792545319,0.3779977560043335,0.015736687928438187
0.2593289911746979,0.40334752202033997,0.4171583354473114,0.283867210149765,0.296569287776947,0.3278999626636505,0.23927108943462372,0.21368476748466492,0.325494647026062,0.24362064898014069
0.3707582950592041,0.29421481490135193,0.4065866470336914,0.3895643949508667,0.6055408120155334,0.5902804136276245,0.2916647791862488,0.15486137568950653,0.42982912063598633,0.008886798284947872
0.40735116600990295,0.3273022174835205,0.5076459646224976,0.45570603013038635,0.6139541864395142,0.5899950861930847,0.2848990857601166,0.1543969213962555,0.3761403560638428,0.00784583855420351
0.3656874895095825,0.36301788687705994,0.5268314480781555,0.4314917325973511,0.6882975101470947,0.6093909740447998,0.2777947187423706,0.14134851098060608,0.38052627444267273,0.005813496187329292
0.4574846923351288,0.40179815888404846,0.4631369411945343,0.42895811796188354,0.6122707724571228,0.5151070952415466,0.3340912163257599,0.13065749406814575,0.40284156799316406,0.013782422058284283
0.3890630006790161,0.32135340571403503,0.33441224694252014,0.11815725266933441,0.3984740376472473,0.4193294942378998,0.2179650366306305,0.28997987508773804,0.24102844297885895,0.42404675483703613
0.4423985779285431,0.32777756452560425,0.502987802028656,0.4342325031757355,0.6460378170013428,0.6348280906677246,0.3179098069667816,0.15562179684638977,0.40692073106765747,0.006355667021125555
0.42063283920288086,0.3174242079257965,0.48528727889060974,0.3077895939350128,0.6210554838180542,0.5402063131332397,0.32711032032966614,0.15242163836956024,0.355807900428772,0.006838545203208923
0.40913981199264526,0.2629692554473877,0.4825906455516815,0.3044770658016205,0.6697512269020081,0.598285973072052,0.28209787607192993,0.1304439902305603,0.4046871066093445,0.005490409675985575
0.45359501242637634,0.29958203434944153,0.5147519111633301,0.4071427583694458,0.6579622626304626,0.5759020447731018,0.34716224670410156,0.15859006345272064,0.4063383638858795,0.007418756373226643
0.4157266318798065,0.3192310929298401,0.5074751973152161,0.402036190032959,0.6296077370643616,0.6057419776916504,0.31055110692977905,0.14185380935668945,0.40932127833366394,0.00597756402567029
0.4687393605709076,0.29068297147750854,0.5604287981987,0.4033122658729553,0.6909560561180115,0.636793315410614,0.32386988401412964,0.1536148339509964,0.4070226550102234,0.0068799518048763275
0.4380554258823395,0.31636685132980347,0.5073198080062866,0.4032764434814453,0.6405206322669983,0.614902913570404,0.28283122181892395,0.14584095776081085,0.38405877351760864,0.008396954275667667
0.4118655323982239,0.36535415053367615,0.5903701782226562,0.3909400403499603,0.6060256958007812,0.5760071277618408,0.31340906023979187,0.13850878179073334,0.357949435710907,0.009288438595831394
0.4851362705230713,0.34193485975265503,0.4468570649623871,0.4776710867881775,0.6842272281646729,0.622955322265625,0.28476735949516296,0.18079549074172974,0.419974684715271,0.009521977975964546
0.4373480975627899,0.3145272135734558,0.5165600180625916,0.3727581202983856,0.6756471395492554,0.6204420328140259,0.2977859079837799,0.15232603251934052,0.4318406283855438,0.005959475412964821
0.44960901141166687,0.281679630279541,0.4637744426727295,0.4250428378582001,0.6570521593093872,0.6459430456161499,0.25193023681640625,0.1658804714679718,0.39674583077430725,0.007576760370284319
0.4230283498764038,0.3183972239494324,0.47527748346328735,0.3671357333660126,0.6373375654220581,0.6220144033432007,0.266850084066391,0.17181462049484253,0.395487517118454,0.006746625527739525
0.41305434703826904,0.33627936244010925,0.4978201985359192,0.3381097614765167,0.6774601340293884,0.6762843728065491,0.24489825963974,0.20054997503757477,0.3662959039211273,0.010000999085605145
0.459381639957428,0.3205670118331909,0.4840882420539856,0.44362199306488037,0.6519038677215576,0.6493592858314514,0.2896907925605774,0.16350102424621582,0.43485572934150696,0.0074394172988832
0.4771631360054016,0.26444122195243835,0.40694180130958557,0.3589741587638855,0.7133119106292725,0.6062394380569458,0.2534104287624359,0.16535936295986176,0.39760342240333557,0.010485384613275528
0.4555850327014923,0.3415074646472931,0.42536669969558716,0.43885982036590576,0.5989711880683899,0.6716370582580566,0.2917691171169281,0.15719331800937653,0.5056179165840149,0.009546017274260521
0.4072749614715576,0.30509963631629944,0.4072449803352356,0.41085702180862427,0.5373124480247498,0.5838611721992493,0.26561811566352844,0.14220063388347626,0.30045878887176514,0.010355350561439991
0.47063225507736206,0.2985064685344696,0.5132748484611511,0.5038401484489441,0.6596351861953735,0.6546222567558289,0.3185385465621948,0.14928539097309113,0.48358678817749023,0.007676665671169758
0.4515988528728485,0.31858813762664795,0.4883837401866913,0.4143860638141632,0.652042806148529,0.6216350197792053,0.30553311109542847,0.16188502311706543,0.45052990317344666,0.00631394237279892
0.47746339440345764,0.3299385905265808,0.4960390627384186,0.5312134027481079,0.6576312780380249,0.6532660126686096,0.34055423736572266,0.15510320663452148,0.4381122589111328,0.008311494253575802
0.3837767541408539,0.33223748207092285,0.413807213306427,0.47499901056289673,0.5987735986709595,0.559985339641571,0.28744927048683167,0.1329643577337265,0.43941280245780945,0.00964965671300888
0.43240177631378174,0.3118976056575775,0.4991517961025238,0.4603586494922638,0.6410591006278992,0.6114240288734436,0.28642725944519043,0.16455073654651642,0.466775506734848,0.008766429498791695
0.48120182752609253,0.3025197386741638,0.32144105434417725,0.3582039773464203,0.6119549870491028,0.5708490014076233,0.27255070209503174,0.16187730431556702,0.3592941462993622,0.017982419580221176
0.4257621765136719,0.303708016872406,0.4684745669364929,0.4514175355434418,0.6127220392227173,0.6069389581680298,0.2761097252368927,0.16012005507946014,0.40773195028305054,0.007375307846814394
0.46690109372138977,0.35533463954925537,0.45681896805763245,0.5255166292190552,0.6051709651947021,0.6501262187957764,0.32103651762008667,0.18974639475345612,0.4545202851295471,0.01061848271638155
0.4341764748096466,0.29339632391929626,0.4833832085132599,0.5183011889457703,0.6407782435417175,0.586968719959259,0.31777963042259216,0.13223141431808472,0.48277848958969116,0.009062250144779682
0.4621153473854065,0.2932214140892029,0.5104714035987854,0.5123846530914307,0.6209452748298645,0.6383075714111328,0.3201916217803955,0.15297546982765198,0.47058820724487305,0.008535932749509811
0.4382874369621277,0.3288557827472687,0.46010127663612366,0.4554612636566162,0.6381373405456543,0.6665852069854736,0.28136736154556274,0.1420186161994934,0.4674068093299866,0.009183630347251892
0.4267140030860901,0.3491491377353668,0.4374864101409912,0.48790380358695984,0.595721423625946,0.6293990612030029,0.28249889612197876,0.14430586993694305,0.4653176963329315,0.008292547427117825
0.4031503200531006,0.29867249727249146,0.42528581619262695,0.39019063115119934,0.5798207521438599,0.5851470232009888,0.2456226348876953,0.13399800658226013,0.3942317068576813,0.008327233605086803
0.4360216557979584,0.3371082544326782,0.4481804668903351,0.4440208971500397,0.636107325553894,0.5949183702468872,0.3146863281726837,0.15134146809577942,0.4223032295703888,0.00689386110752821
0.4357891380786896,0.32344192266464233,0.4468543529510498,0.4203040301799774,0.669335126876831,0.6407292485237122,0.2819206118583679,0.18084433674812317,0.44608208537101746,0.007707581855356693
0.436513751745224,0.34519222378730774,0.402512788772583,0.4100026488304138,0.6685056686401367,0.69969242811203,0.36794593930244446,0.15303070843219757,0.4078778922557831,0.014265550300478935
0.42331188917160034,0.32017773389816284,0.4729302227497101,0.4695514142513275,0.5915952920913696,0.5586129426956177,0.30620747804641724,0.14810550212860107,0.42844486236572266,0.006990960333496332
0.4050607979297638,0.41558435559272766,0.2547377943992615,0.4516940414905548,0.5047353506088257,0.4942587614059448,0.3783987760543823,0.19493168592453003,0.5125779509544373,0.09279338270425797
0.39343711733818054,0.31006118655204773,0.31527501344680786,0.378215491771698,0.5344406962394714,0.4963463544845581,0.28195273876190186,0.14428116381168365,0.355182409286499,0.009722069837152958
0.47155335545539856,0.34295710921287537,0.5221875905990601,0.40115442872047424,0.6068266034126282,0.6406972408294678,0.3288022577762604,0.1332540363073349,0.4473050534725189,0.00818251445889473
0.4193630516529083,0.3589688539505005,0.5329409241676331,0.32774296402931213,0.6721253395080566,0.5885151028633118,0.3315601348876953,0.1426822990179062,0.41149014234542847,0.007219336926937103
0.40208765864372253,0.26992952823638916,0.3953181803226471,0.33693236112594604,0.6082973480224609,0.5926780104637146,0.2834446430206299,0.147140234708786,0.3523620069026947,0.007718701846897602
0.4127586781978607,0.37189677357673645,0.5190511345863342,0.3132835030555725,0.6592373847961426,0.581074595451355,0.3465878367424011,0.13572728633880615,0.4343210756778717,0.009316018782556057
0.46511635184288025,0.34235313534736633,0.44810396432876587,0.40705063939094543,0.6442509889602661,0.5568038821220398,0.2677583396434784,0.17080409824848175,0.3539843261241913,0.00878208503127098
0.48190823197364807,0.3569893538951874,0.3854796290397644,0.5156040191650391,0.5579962730407715,0.579278290271759,0.3459263741970062,0.18038222193717957,0.28995612263679504,0.027661053463816643
0.39791032671928406,0.2873041033744812,0.3798970580101013,0.4319361746311188,0.5263992547988892,0.5305988192558289,0.21048018336296082,0.1698845475912094,0.3413917124271393,0.009480571374297142
0.3941998779773712,0.33018383383750916,0.4926990270614624,0.2842104136943817,0.593949556350708,0.6146621704101562,0.2375180572271347,0.14024843275547028,0.35519182682037354,0.009226955473423004
0.4402710497379303,0.3190017640590668,0.4758840799331665,0.3979931175708771,0.6176379323005676,0.57538902759552,0.24489109218120575,0.14676517248153687,0.3771691620349884,0.01052395161241293
0.4190594255924225,0.3507920205593109,0.4512306749820709,0.4284416437149048,0.611609160900116,0.6295802593231201,0.2803885340690613,0.11866609752178192,0.36736154556274414,0.009130359627306461
0.44005200266838074,0.3455156981945038,0.4917774200439453,0.4657804071903229,0.6008027195930481,0.6445868611335754,0.2862881124019623,0.16978569328784943,0.41114506125450134,0.007310971152037382
0.3682040274143219,0.42611974477767944,0.47454309463500977,0.39853549003601074,0.5371931791305542,0.5120522379875183,0.3522588014602661,0.17434236407279968,0.3559185266494751,0.012619517743587494
0.42467910051345825,0.33691731095314026,0.4902578294277191,0.3787541687488556,0.6430013179779053,0.6464687585830688,0.2730061411857605,0.17108723521232605,0.37403643131256104,0.006665833294391632
0.4088982343673706,0.30848032236099243,0.3808264136314392,0.3478279709815979,0.6530317664146423,0.4993024468421936,0.25225359201431274,0.15433456003665924,0.2955780327320099,0.009268035180866718
0.38703328371047974,0.35721975564956665,0.4762846529483795,0.391042023897171,0.6187880039215088,0.5668665170669556,0.24961243569850922,0.15446621179580688,0.3822590708732605,0.006911796517670155
0.38284391164779663,0.315165251493454,0.46615171432495117,0.30351537466049194,0.5965861082077026,0.5636948943138123,0.22703039646148682,0.14669674634933472,0.36060819029808044,0.00786516722291708
0.43284955620765686,0.2807084321975708,0.46346330642700195,0.38976359367370605,0.6732642650604248,0.6097202301025391,0.2862732708454132,0.14904209971427917,0.4551948606967926,0.0075179035775363445
0.4164426326751709,0.4539206027984619,0.32190877199172974,0.49089452624320984,0.5419161319732666,0.48491907119750977,0.22433815896511078,0.13858662545681,0.30979782342910767,0.017601825296878815
0.4422764182090759,0.2915048897266388,0.5012911558151245,0.40757930278778076,0.6996054649353027,0.6618137359619141,0.3555600941181183,0.15347550809383392,0.4226363003253937,0.006776195019483566
0.43780118227005005,0.256597101688385,0.4321533143520355,0.28690576553344727,0.6682184934616089,0.5818231701850891,0.3079659342765808,0.12864428758621216,0.43231305480003357,0.007957182824611664
0.3568027913570404,0.3685944974422455,0.311970591545105,0.11083924770355225,0.4944852590560913,0.35789206624031067,0.19062796235084534,0.16212064027786255,0.2531941831111908,0.2035430371761322
0.43792811036109924,0.32123279571533203,0.4614216983318329,0.29846256971359253,0.7015231251716614,0.657413899898529,0.31044963002204895,0.14342114329338074,0.37029924988746643,0.010872713290154934
0.3226400315761566,0.39883342385292053,0.19616785645484924,0.2294464260339737,0.5191993117332458,0.31263524293899536,0.24810132384300232,0.11572533845901489,0.31837496161460876,0.11372960358858109
0.4122718572616577,0.28912481665611267,0.44737303256988525,0.4030308127403259,0.598785936832428,0.5700917840003967,0.2568839192390442,0.13432620465755463,0.39750054478645325,0.01008224580436945
0.4236675500869751,0.29897063970565796,0.5288785099983215,0.33428528904914856,0.6691003441810608,0.6077710390090942,0.24835149943828583,0.14209674298763275,0.33818182349205017,0.007521988824009895
0.4207671284675598,0.3369033634662628,0.517139196395874,0.38667288422584534,0.7097817063331604,0.6386210918426514,0.28617119789123535,0.14879663288593292,0.4029121696949005,0.0076020159758627415
0.42386049032211304,0.2631257176399231,0.4600622355937958,0.3511877954006195,0.6503214240074158,0.5861740112304688,0.24194477498531342,0.17287130653858185,0.35683536529541016,0.007914278656244278
0.4441235363483429,0.26993948221206665,0.5139274001121521,0.36896640062332153,0.6400923728942871,0.6446236968040466,0.2878895103931427,0.15741531550884247,0.40813371539115906,0.006600299850106239
0.42330917716026306,0.2344968616962433,0.5023453235626221,0.29240864515304565,0.7142614722251892,0.5036517381668091,0.25571948289871216,0.14156591892242432,0.3446059823036194,0.00922493264079094
0.4171519875526428,0.28300777077674866,0.4694390594959259,0.35562461614608765,0.6613540053367615,0.616502046585083,0.2667910158634186,0.14283907413482666,0.3986092507839203,0.00745410704985261
0.4055231213569641,0.3931533396244049,0.4353289306163788,0.3751659095287323,0.554759681224823,0.5642433166503906,0.28480514883995056,0.13673359155654907,0.3364424705505371,0.009591598063707352
0.39297494292259216,0.3103215992450714,0.4110199511051178,0.3953007161617279,0.6166916489601135,0.5763292908668518,0.2676948010921478,0.12460030615329742,0.3993476331233978,0.010863634757697582
0.37792155146598816,0.34067419171333313,0.4798523783683777,0.4252268970012665,0.5502144694328308,0.5609275698661804,0.249390110373497,0.15072940289974213,0.3967527747154236,0.009584406390786171
0.3970300257205963,0.28291794657707214,0.5162725448608398,0.3542662560939789,0.5702412724494934,0.5721737742424011,0.24751293659210205,0.1505344957113266,0.38936132192611694,0.008577931672334671
0.44728586077690125,0.2592965364456177,0.516448974609375,0.3647497594356537,0.6878002882003784,0.6365835666656494,0.29493993520736694,0.15448522567749023,0.43004506826400757,0.007689765654504299
0.34790241718292236,0.43414977192878723,0.28149259090423584,0.0853525772690773,0.2637373208999634,0.22300659120082855,0.21619226038455963,0.2581862807273865,0.4488126039505005,0.8792468905448914
0.4190141260623932,0.29274389147758484,0.45051342248916626,0.4093993008136749,0.6538950800895691,0.5987359881401062,0.2771194279193878,0.1620999574661255,0.34101349115371704,0.007974992506206036
0.438597172498703,0.3313588500022888,0.3983137607574463,0.45145824551582336,0.6137194633483887,0.6198629140853882,0.22285473346710205,0.1284063756465912,0.4125387370586395,0.009861751459538937
0.46803411841392517,0.3232784867286682,0.5584571957588196,0.49369728565216064,0.672794759273529,0.6854836344718933,0.33454933762550354,0.1641508787870407,0.4617703855037689,0.008129636757075787
0.43478503823280334,0.2597501575946808,0.5056686997413635,0.37848424911499023,0.6623789072036743,0.6567472815513611,0.2805444896221161,0.14617906510829926,0.4158723056316376,0.006526619661599398
0.4218255281448364,0.2626161575317383,0.4881571829319,0.33619368076324463,0.6514430642127991,0.6017835140228271,0.24255959689617157,0.12996315956115723,0.369927316904068,0.006870545446872711
0.43741533160209656,0.33412086963653564,0.4258235692977905,0.38070982694625854,0.5731334686279297,0.5290273427963257,0.25930866599082947,0.1715763509273529,0.3608264625072479,0.013408749364316463
0.4378071129322052,0.29048141837120056,0.48110032081604004,0.45422253012657166,0.6350691318511963,0.5823013782501221,0.31547144055366516,0.15891945362091064,0.3857881426811218,0.00866951234638691
0.43503302335739136,0.2838065028190613,0.46178168058395386,0.4411872327327728,0.605937659740448,0.6386576294898987,0.28986528515815735,0.15870605409145355,0.3999578356742859,0.010141845792531967
0.3916802406311035,0.3174276053905487,0.3871649503707886,0.3188175857067108,0.5438825488090515,0.44415774941444397,0.2457457184791565,0.13382261991500854,0.4039246439933777,0.013029328547418118
0.4691178798675537,0.29209595918655396,0.5479561686515808,0.4327457845211029,0.6933299899101257,0.6832316517829895,0.34112152457237244,0.18350841104984283,0.4708615243434906,0.006560562644153833
0.45395925641059875,0.25333383679389954,0.3526567816734314,0.31603315472602844,0.6849163770675659,0.5517067313194275,0.26764267683029175,0.14197216928005219,0.3783094882965088,0.01169363223016262
0.43737563490867615,0.27862951159477234,0.4482058882713318,0.3500230610370636,0.6707621812820435,0.6538066864013672,0.27916720509529114,0.1535818725824356,0.40314343571662903,0.006764363031834364
0.4524572789669037,0.33556973934173584,0.30471378564834595,0.3145444393157959,0.5549594163894653,0.5012096166610718,0.29292750358581543,0.16631639003753662,0.3417828679084778,0.019289355725049973
0.511065661907196,0.3794344961643219,0.37617912888526917,0.23646575212478638,0.6158454418182373,0.5200820565223694,0.258869469165802,0.11932298541069031,0.45966973900794983,0.03868413716554642
0.4835466742515564,0.4025409519672394,0.28572404384613037,0.25243449211120605,0.4910098910331726,0.4153522551059723,0.3514399230480194,0.21358397603034973,0.4541376829147339,0.36705517768859863
0.42989885807037354,0.29980581998825073,0.47873732447624207,0.37843844294548035,0.6225304007530212,0.6057916879653931,0.28513818979263306,0.142059788107872,0.39144566655158997,0.007298375479876995
0.4331829249858856,0.31345972418785095,0.48131003975868225,0.40366145968437195,0.6549801230430603,0.5334727168083191,0.28237855434417725,0.14862827956676483,0.3628951609134674,0.00891788862645626
0.3144971430301666,0.45502451062202454,0.24278192222118378,0.24943701922893524,0.5150680541992188,0.33192992210388184,0.2010958343744278,0.15019425749778748,0.3305005729198456,0.2087712287902832
0.38334035873413086,0.40890806913375854,0.2824142873287201,0.3421708047389984,0.4940672218799591,0.458499014377594,0.2130245417356491,0.1548234075307846,0.37023013830184937,0.025061307474970818
0.3821861445903778,0.3215796947479248,0.21287395060062408,0.17805349826812744,0.45913344621658325,0.4486028552055359,0.19811828434467316,0.18467791378498077,0.30209675431251526,0.06873522698879242
0.42335245013237,0.36203110218048096,0.47078558802604675,0.42911863327026367,0.623399019241333,0.5153627991676331,0.2347496598958969,0.12965162098407745,0.40240538120269775,0.010852978564798832
0.4207433760166168,0.28789380192756653,0.4355211555957794,0.31288960576057434,0.6437848806381226,0.582135021686554,0.20075546205043793,0.13081997632980347,0.36081060767173767,0.00864002387970686
0.38307085633277893,0.17258286476135254,0.23732583224773407,0.10255948454141617,0.550045907497406,0.35763490200042725,0.1823887974023819,0.13589060306549072,0.2394302785396576,0.07841823995113373
0.42534807324409485,0.2967597544193268,0.507348358631134,0.388464093208313,0.6959832310676575,0.6546268463134766,0.2950970232486725,0.1477893590927124,0.331876665353775,0.006979132071137428
0.3765557110309601,0.2878248691558838,0.35504648089408875,0.24033299088478088,0.5793415307998657,0.44823938608169556,0.26946666836738586,0.15358921885490417,0.3611578047275543,0.017526447772979736
0.42716601490974426,0.33132877945899963,0.4993026554584503,0.31801101565361023,0.6666758060455322,0.6209401488304138,0.24267210066318512,0.14169101417064667,0.3648007810115814,0.008182406425476074
0.43952852487564087,0.29558664560317993,0.43574315309524536,0.3990201950073242,0.6134340763092041,0.5727370977401733,0.2659275531768799,0.15584629774093628,0.39324283599853516,0.00758372712880373
0.43370145559310913,0.3332117199897766,0.4981624186038971,0.2635379135608673,0.6683216691017151,0.6667947769165039,0.2810053527355194,0.1622210592031479,0.34630656242370605,0.011357574723660946
0.4296239912509918,0.3127700686454773,0.40412208437919617,0.3428647518157959,0.6064943671226501,0.5870591402053833,0.264496386051178,0.15578599274158478,0.38542890548706055,0.010571381077170372
0.4598275125026703,0.3799034655094147,0.560267448425293,0.3566984236240387,0.6500898003578186,0.6624113321304321,0.331801176071167,0.13040335476398468,0.35268542170524597,0.008638856001198292
0.3972240090370178,0.3980329632759094,0.2052958756685257,0.21316459774971008,0.5532346963882446,0.4201558530330658,0.21730001270771027,0.14815597236156464,0.3611825406551361,0.08403881639242172
0.44989535212516785,0.23506057262420654,0.31168273091316223,0.25535300374031067,0.547855794429779,0.3907599151134491,0.24107152223587036,0.11468951404094696,0.3702230453491211,0.042125154286623
0.4587515890598297,0.262820303440094,0.3977814316749573,0.381221204996109,0.6823660731315613,0.6324396133422852,0.2471373826265335,0.12000446021556854,0.40941959619522095,0.012725918553769588
0.3913618326187134,0.2963535189628601,0.48076707124710083,0.37719497084617615,0.597427487373352,0.6093955636024475,0.27036482095718384,0.19894291460514069,0.4047073423862457,0.009826866909861565
0.44834133982658386,0.29833734035491943,0.3584161698818207,0.40155714750289917,0.6247966289520264,0.6028061509132385,0.20415815711021423,0.10641138255596161,0.45594316720962524,0.01312645897269249
0.3993953764438629,0.2911234200000763,0.358696311712265,0.34316468238830566,0.5787592530250549,0.5332472324371338,0.23668929934501648,0.14461642503738403,0.34060901403427124,0.017238397151231766
0.4477249085903168,0.3550165295600891,0.3059745728969574,0.386183500289917,0.5885717868804932,0.4497874975204468,0.2550406754016876,0.13399778306484222,0.4560275971889496,0.03785284608602524
0.41616442799568176,0.30080896615982056,0.43538668751716614,0.2984289824962616,0.6494753956794739,0.6180382966995239,0.28756335377693176,0.1711813062429428,0.35690468549728394,0.007617694791406393
0.3687624931335449,0.325674444437027,0.2812911868095398,0.16373051702976227,0.574501097202301,0.43410947918891907,0.1848711371421814,0.16473640501499176,0.30358752608299255,0.04058534651994705
0.4656451940536499,0.3401513397693634,0.47357413172721863,0.29540106654167175,0.6650359630584717,0.6407709717750549,0.3332912027835846,0.1403929889202118,0.4119606912136078,0.015314377844333649
0.5042707920074463,0.3472471833229065,0.33495399355888367,0.2532602548599243,0.5177792310714722,0.4446759521961212,0.3458487093448639,0.15554939210414886,0.40172329545021057,0.059272650629282
0.48285147547721863,0.3942490518093109,0.5293024182319641,0.3551972508430481,0.6082717776298523,0.5802831649780273,0.2940024137496948,0.1072201281785965,0.4504009187221527,0.015384514816105366
0.44642871618270874,0.3306633234024048,0.5036299228668213,0.2199079692363739,0.6803619265556335,0.5393557548522949,0.27140185236930847,0.17606773972511292,0.3888714015483856,0.008985730819404125
0.3476882576942444,0.2617097496986389,0.3328779339790344,0.0656852126121521,0.5683068633079529,0.35394373536109924,0.09311885386705399,0.12660452723503113,0.3501834571361542,0.139312744140625
0.4073408842086792,0.3470398485660553,0.550009548664093,0.3728995621204376,0.5709008574485779,0.68544602394104,0.24103723466396332,0.2148255556821823,0.4565424919128418,0.01147390715777874
0.41162121295928955,0.2949317693710327,0.491538941860199,0.4167860448360443,0.6176224946975708,0.6188109517097473,0.26230087876319885,0.11855276674032211,0.4410710036754608,0.006812724284827709
0.4664986729621887,0.31854236125946045,0.5093386173248291,0.44106438755989075,0.641062319278717,0.625237762928009,0.28375470638275146,0.15006990730762482,0.4737801253795624,0.010228055529296398
0.3887668251991272,0.35751599073410034,0.3728504478931427,0.38638630509376526,0.49543264508247375,0.5261238813400269,0.20483244955539703,0.1673016995191574,0.3020209074020386,0.013998175971210003
0.4245315492153168,0.3563923239707947,0.49359169602394104,0.407572478055954,0.5067366361618042,0.6225662231445312,0.2376134991645813,0.19595827162265778,0.41546908020973206,0.011268075555562973
0.4398807883262634,0.34087586402893066,0.4329168200492859,0.20171666145324707,0.6763085722923279,0.5269951820373535,0.24686363339424133,0.1597854048013687,0.28687313199043274,0.02161695621907711
0.46502381563186646,0.29011037945747375,0.5100422501564026,0.35699617862701416,0.6688609719276428,0.6685158014297485,0.2610011100769043,0.1446455717086792,0.402662992477417,0.007558039389550686
0.47076770663261414,0.3364839255809784,0.5789988040924072,0.5029302835464478,0.6472104787826538,0.6445245742797852,0.3131061792373657,0.17226184904575348,0.41617873311042786,0.010191631503403187
0.3890208899974823,0.3045462965965271,0.4022442698478699,0.21192984282970428,0.5711337327957153,0.3399122655391693,0.1429547369480133,0.12541036307811737,0.303989052772522,0.031087741255760193
0.4143030345439911,0.2834956645965576,0.4962601661682129,0.2991635501384735,0.6709470152854919,0.6622064709663391,0.27871081233024597,0.13651929795742035,0.423285573720932,0.0062244064174592495
0.4508739709854126,0.27988746762275696,0.5024129152297974,0.3565569221973419,0.6910549402236938,0.6183618903160095,0.24955905973911285,0.15110023319721222,0.37403595447540283,0.006796388886868954
0.44669005274772644,0.34418779611587524,0.5002370476722717,0.42566320300102234,0.614859938621521,0.590058445930481,0.23662613332271576,0.13736331462860107,0.345437228679657,0.009877038188278675
0.4104250967502594,0.415860116481781,0.5650304555892944,0.41361749172210693,0.5726813077926636,0.5345085263252258,0.2915380597114563,0.15831689536571503,0.3587951064109802,0.014117700047791004
0.47172248363494873,0.34226879477500916,0.5934617519378662,0.33314281702041626,0.6555404663085938,0.6196982264518738,0.30347657203674316,0.12787039577960968,0.3622862994670868,0.008943942375481129
0.43180787563323975,0.30611589550971985,0.47385361790657043,0.43232136964797974,0.6391123533248901,0.6381315588951111,0.24341531097888947,0.1674521416425705,0.418887197971344,0.009005670435726643
0.4100067913532257,0.2910328805446625,0.5043070316314697,0.3423483371734619,0.6567980647087097,0.6201951503753662,0.271359920501709,0.11370990425348282,0.41605767607688904,0.007436529733240604
0.4449325501918793,0.23385202884674072,0.26731106638908386,0.17709700763225555,0.6792726516723633,0.5426972508430481,0.16494464874267578,0.12443157285451889,0.37370678782463074,0.023353509604930878
0.46937504410743713,0.24306556582450867,0.5222793221473694,0.39253997802734375,0.6816343665122986,0.672094464302063,0.28602293133735657,0.16881392896175385,0.4464811384677887,0.00735684297978878
0.4384585916996002,0.45373737812042236,0.570111870765686,0.40145206451416016,0.5451012849807739,0.6192016005516052,0.20041142404079437,0.18599021434783936,0.4972607493400574,0.01861601695418358
0.42856544256210327,0.2648777365684509,0.5428504943847656,0.30648699402809143,0.6700974106788635,0.6261982917785645,0.25572749972343445,0.13379241526126862,0.44112470746040344,0.006952724885195494
0.3818962872028351,0.30590981245040894,0.2825406789779663,0.26025766134262085,0.5466727018356323,0.5253267288208008,0.16958513855934143,0.1227535530924797,0.3485299348831177,0.017606046050786972
0.39756348729133606,0.3544335961341858,0.32659128308296204,0.35105589032173157,0.5161481499671936,0.39703884720802307,0.24115292727947235,0.177591934800148,0.3963601589202881,0.04084949195384979
0.40154555439949036,0.3323753774166107,0.36256250739097595,0.3221849203109741,0.5982579588890076,0.5199788212776184,0.2430509775876999,0.1536160409450531,0.3353894352912903,0.015757966786623
0.4320160448551178,0.3199838101863861,0.5029194355010986,0.4006637632846832,0.6208092570304871,0.634432852268219,0.26594749093055725,0.15334977209568024,0.4256133735179901,0.008527123369276524
0.44349443912506104,0.30450543761253357,0.5170347690582275,0.42626845836639404,0.613878607749939,0.592298686504364,0.24014724791049957,0.1546250581741333,0.42814069986343384,0.00838690996170044
0.3717661201953888,0.33321988582611084,0.3427520990371704,0.4061279296875,0.48312002420425415,0.30135783553123474,0.2874639928340912,0.16031625866889954,0.4341728091239929,0.1101842150092125
0.46835771203041077,0.2987264096736908,0.5028439164161682,0.5029522180557251,0.6523652076721191,0.662319540977478,0.2774840295314789,0.15385401248931885,0.41456660628318787,0.009072411805391312
0.402756005525589,0.2970391511917114,0.3824523687362671,0.3888579308986664,0.533955454826355,0.5569371581077576,0.2442423552274704,0.11324428021907806,0.4021468460559845,0.011400144547224045
0.38377901911735535,0.2974364459514618,0.34933674335479736,0.24735863506793976,0.5646563172340393,0.5245744585990906,0.1748143434524536,0.14166373014450073,0.3533773720264435,0.019708508625626564
0.44502225518226624,0.2759172320365906,0.4779966473579407,0.36933448910713196,0.6025044322013855,0.6024855375289917,0.2556203603744507,0.14809946715831757,0.4182121455669403,0.008922340348362923
0.4052792191505432,0.332360178232193,0.45907917618751526,0.2995965778827667,0.5885608792304993,0.480233371257782,0.23801840841770172,0.1336788684129715,0.31819120049476624,0.013913868926465511
0.4706767499446869,0.3639101982116699,0.5058106184005737,0.30944734811782837,0.7235358357429504,0.6620756983757019,0.2642761766910553,0.14086294174194336,0.42066749930381775,0.008691930212080479
0.44479650259017944,0.34168484807014465,0.5463012456893921,0.3782837390899658,0.665695309638977,0.6985181570053101,0.3109864890575409,0.16370916366577148,0.46235689520835876,0.0073313238099217415
0.42285245656967163,0.35521629452705383,0.5513416528701782,0.38809850811958313,0.6748430728912354,0.6401253938674927,0.27363646030426025,0.14893066883087158,0.39141854643821716,0.006394998636096716
0.464767724275589,0.42901307344436646,0.22943715751171112,0.22159427404403687,0.45676636695861816,0.4468214213848114,0.25046682357788086,0.13229762017726898,0.39835572242736816,0.06948252767324448
0.42777907848358154,0.3479708433151245,0.5859948396682739,0.4355783462524414,0.6923677325248718,0.6566051244735718,0.34673866629600525,0.16821421682834625,0.36260685324668884,0.006122540682554245
0.45083045959472656,0.3448045551776886,0.601631760597229,0.44683837890625,0.6844202876091003,0.6937465071678162,0.3679591119289398,0.16733919084072113,0.38727694749832153,0.0064683943055570126
0.47195467352867126,0.38296476006507874,0.5602724552154541,0.4495415985584259,0.6174129843711853,0.6655843257904053,0.32816165685653687,0.1586305797100067,0.44636180996894836,0.007569858338683844
0.4358809292316437,0.2760874629020691,0.4551592767238617,0.257261723279953,0.7075856328010559,0.6297486424446106,0.21583853662014008,0.12374328821897507,0.34306615591049194,0.00855946820229292
0.4354974329471588,0.31913140416145325,0.4897952973842621,0.2562449276447296,0.6197329163551331,0.47927039861679077,0.2106744647026062,0.13055777549743652,0.44653892517089844,0.010711015202105045
0.4194682240486145,0.3194337785243988,0.4814698398113251,0.4185676872730255,0.6167031526565552,0.5723384618759155,0.2647583782672882,0.14766280353069305,0.39391830563545227,0.009298945777118206
0.41381990909576416,0.2683210074901581,0.47269126772880554,0.3062894940376282,0.6604953408241272,0.6010341048240662,0.2158234864473343,0.1327831745147705,0.3968008756637573,0.00758683867752552
0.42299002408981323,0.27312833070755005,0.43196675181388855,0.24046149849891663,0.6856704354286194,0.6683048605918884,0.25012555718421936,0.1650468111038208,0.3391571342945099,0.008080720901489258
0.4715541899204254,0.36409497261047363,0.6057956218719482,0.3697972595691681,0.6396686434745789,0.6788949370384216,0.36431488394737244,0.13863159716129303,0.3525063097476959,0.007720433175563812
0.40749651193618774,0.2735305726528168,0.3805561363697052,0.18280671536922455,0.548681914806366,0.3447360396385193,0.20390000939369202,0.16494981944561005,0.27048155665397644,0.03899277374148369
0.42743048071861267,0.3806227147579193,0.4894045293331146,0.4342935383319855,0.57303386926651,0.6640936732292175,0.2586347758769989,0.20232689380645752,0.42742738127708435,0.010233067907392979
0.4295457899570465,0.2922585904598236,0.48408159613609314,0.3116952180862427,0.6715717315673828,0.6615270972251892,0.2545010447502136,0.14676682651042938,0.3976428806781769,0.00722699286416173
0.45301973819732666,0.3784656822681427,0.4786374270915985,0.44602811336517334,0.5601166486740112,0.5345197319984436,0.2132822722196579,0.14894162118434906,0.3805512487888336,0.011935468763113022
0.4223996102809906,0.30887097120285034,0.5045942068099976,0.35645028948783875,0.6218185424804688,0.6099496483802795,0.25087204575538635,0.12830816209316254,0.3493306338787079,0.0066145057789981365
0.4061994254589081,0.3094865381717682,0.46479058265686035,0.3437471389770508,0.6253745555877686,0.6143656969070435,0.2705751955509186,0.1614854335784912,0.3379441201686859,0.006704205647110939
0.44189292192459106,0.3184264004230499,0.5032174587249756,0.36791861057281494,0.6394870281219482,0.6448665261268616,0.29236534237861633,0.1718279868364334,0.3557223081588745,0.008258199319243431
0.39648720622062683,0.2570439279079437,0.32053428888320923,0.23189395666122437,0.6157031655311584,0.49447062611579895,0.21061991155147552,0.16990536451339722,0.33935707807540894,0.014059395529329777
0.4507887065410614,0.2838471531867981,0.49899375438690186,0.3406221568584442,0.6852366924285889,0.6422292590141296,0.25946804881095886,0.16807051002979279,0.38707807660102844,0.006512909196317196
0.33555272221565247,0.362947553396225,0.34140437841415405,0.2424020916223526,0.4769340455532074,0.5587945580482483,0.3263688385486603,0.21593160927295685,0.34842991828918457,0.035253122448921204
0.47086337208747864,0.32322683930397034,0.5532658696174622,0.3833814859390259,0.6817672252655029,0.701564610004425,0.3035723865032196,0.17432774603366852,0.40501073002815247,0.006572395097464323
0.47366616129875183,0.33701151609420776,0.5191322565078735,0.41578835248947144,0.6331993341445923,0.6541793346405029,0.3019888401031494,0.1435168832540512,0.42035534977912903,0.008957006968557835
0.4191455841064453,0.2463001310825348,0.30292922258377075,0.22384490072727203,0.6375604867935181,0.46252959966659546,0.18942107260227203,0.11274445801973343,0.38902658224105835,0.019723856821656227
0.4487524926662445,0.28645530343055725,0.3925851583480835,0.2915003299713135,0.6387432217597961,0.4975663423538208,0.2176201492547989,0.12779636681079865,0.36019065976142883,0.012050656601786613
0.3361826539039612,0.4149305522441864,0.18495504558086395,0.15343257784843445,0.25838103890419006,0.24706383049488068,0.27598199248313904,0.25109559297561646,0.396397203207016,0.8393511772155762
0.47775110602378845,0.3403891623020172,0.3990665376186371,0.2622699439525604,0.5595143437385559,0.3426210582256317,0.346445769071579,0.21199347078800201,0.3749513030052185,0.10648896545171738
0.45244601368904114,0.41769519448280334,0.3527459502220154,0.3833582103252411,0.5752728581428528,0.6467538475990295,0.29856276512145996,0.16618220508098602,0.37842121720314026,0.02122819796204567
0.4261317253112793,0.35951071977615356,0.457135945558548,0.2470388114452362,0.569034993648529,0.5543517470359802,0.2765274941921234,0.15833838284015656,0.36982589960098267,0.015425813384354115
0.4422900676727295,0.2926948666572571,0.4977285861968994,0.3694051206111908,0.6660078763961792,0.6554806232452393,0.2942828834056854,0.15564517676830292,0.4255087375640869,0.0066950321197509766
0.5810015797615051,0.39033570885658264,0.5960797071456909,0.41174355149269104,0.688934326171875,0.5945693850517273,0.44468820095062256,0.15373477339744568,0.4194793105125427,0.03980524092912674
0.4369007349014282,0.265565425157547,0.3829343318939209,0.39183279871940613,0.6923030018806458,0.5954508185386658,0.24186144769191742,0.14913004636764526,0.36790764331817627,0.007672304753214121
0.4298749268054962,0.2740648090839386,0.47554969787597656,0.4293704628944397,0.6886480450630188,0.581186056137085,0.23967275023460388,0.14970536530017853,0.407629132270813,0.008112010546028614
0.43409353494644165,0.3175851106643677,0.4685124456882477,0.3929425776004791,0.6460781693458557,0.6175965070724487,0.27048125863075256,0.14139941334724426,0.3697682023048401,0.007004162762314081
0.3634187579154968,0.31133952736854553,0.23990671336650848,0.10893470048904419,0.4536152184009552,0.3117029070854187,0.10042838007211685,0.12060777842998505,0.34764665365219116,0.11180927604436874
0.45813778042793274,0.32165318727493286,0.4859297275543213,0.4099178910255432,0.6363146901130676,0.6256896257400513,0.2979004383087158,0.13870881497859955,0.4194500148296356,0.007045907899737358
0.42399269342422485,0.2721301317214966,0.5184789896011353,0.37922203540802,0.668390154838562,0.5896547436714172,0.29925888776779175,0.15005019307136536,0.3632960915565491,0.00705831591039896
0.43884727358818054,0.27081534266471863,0.5052856206893921,0.3015662431716919,0.6968911290168762,0.6724361777305603,0.2799188792705536,0.13310077786445618,0.40572962164878845,0.006364388391375542
0.3646956980228424,0.3973533511161804,0.15045827627182007,0.16488614678382874,0.25635287165641785,0.2617403566837311,0.3196119964122772,0.20857807993888855,0.36895662546157837,0.7755323648452759
0.4318196475505829,0.36480414867401123,0.4767650365829468,0.31397077441215515,0.6292243003845215,0.6715461611747742,0.28405997157096863,0.16253750026226044,0.386735200881958,0.01925523951649666
0.5021458864212036,0.2523212134838104,0.44759437441825867,0.27574068307876587,0.7173045873641968,0.6207830905914307,0.29231566190719604,0.1291857659816742,0.41709399223327637,0.011689594015479088
0.3381718099117279,0.46081551909446716,0.24423037469387054,0.11710110306739807,0.2771027088165283,0.2809913456439972,0.2781692445278168,0.2847537100315094,0.29022470116615295,0.7988112568855286
0.39730507135391235,0.39884331822395325,0.3102177083492279,0.41167983412742615,0.5299303531646729,0.47629716992378235,0.26125043630599976,0.1304624378681183,0.30744054913520813,0.023455148562788963
0.4580192565917969,0.33065441250801086,0.47137269377708435,0.37262269854545593,0.6186414361000061,0.6363332867622375,0.2932182848453522,0.14039821922779083,0.36884310841560364,0.007539812475442886
0.4032381474971771,0.27715399861335754,0.3771107792854309,0.2752435505390167,0.568213701248169,0.48723483085632324,0.20852187275886536,0.10719598084688187,0.3367690145969391,0.015166419558227062
0.44786515831947327,0.29621148109436035,0.33242443203926086,0.3323342204093933,0.6336717009544373,0.4994427263736725,0.23434144258499146,0.13504387438297272,0.3631681799888611,0.024884724989533424
0.4452396631240845,0.4187204837799072,0.5810191631317139,0.4594254791736603,0.681952953338623,0.639877438545227,0.37582963705062866,0.15644969046115875,0.30930212140083313,0.009256880730390549
0.48881179094314575,0.3018251657485962,0.4535245895385742,0.3723374307155609,0.6364543437957764,0.6430914998054504,0.3221364915370941,0.14917272329330444,0.4236942231655121,0.014003410004079342
0.47149431705474854,0.26519662141799927,0.4147074520587921,0.4047238528728485,0.6699917912483215,0.5434243083000183,0.2637743055820465,0.16112245619297028,0.3727358281612396,0.01308289635926485
0.458295077085495,0.3617662489414215,0.22720849514007568,0.2827626168727875,0.5215694308280945,0.5670542120933533,0.25959524512290955,0.12344231456518173,0.3961787223815918,0.03550122305750847
0.38994234800338745,0.40351274609565735,0.3119696378707886,0.36330100893974304,0.5031795501708984,0.4335956275463104,0.31058987975120544,0.13044030964374542,0.4019659161567688,0.07411014288663864
0.4201968014240265,0.30398550629615784,0.4479033350944519,0.33784428238868713,0.623552680015564,0.5333187580108643,0.25518855452537537,0.15014755725860596,0.3632231056690216,0.013205362483859062
0.41982129216194153,0.33039361238479614,0.47149553894996643,0.3735000193119049,0.5667387843132019,0.4924466013908386,0.3232571482658386,0.11164705455303192,0.2776852548122406,0.012776005081832409
0.4150018095970154,0.40505892038345337,0.5126060843467712,0.34225529432296753,0.5728040933609009,0.6032529473304749,0.3546580672264099,0.15480321645736694,0.27451127767562866,0.013366852886974812
0.4790814220905304,0.26726406812667847,0.44478219747543335,0.4733569622039795,0.6561402678489685,0.5899422764778137,0.2538626492023468,0.1813884824514389,0.370403915643692,0.0154134975746274
0.4489341080188751,0.2337483912706375,0.4502381682395935,0.3808237910270691,0.6866685152053833,0.635248064994812,0.2960245609283447,0.15973074734210968,0.40078482031822205,0.0064348578453063965
0.41535547375679016,0.3564947247505188,0.39501896500587463,0.37632155418395996,0.5875747799873352,0.5870370268821716,0.2567542493343353,0.16221803426742554,0.38615334033966064,0.011612966656684875
0.41078728437423706,0.3384963274002075,0.45401936769485474,0.4691520631313324,0.5912958383560181,0.5572956204414368,0.2602858245372772,0.13674913346767426,0.4313180446624756,0.009372703731060028
0.41375377774238586,0.4129377603530884,0.3397708535194397,0.40019363164901733,0.5918152332305908,0.4609740674495697,0.2740793824195862,0.1298566311597824,0.36739030480384827,0.01555357500910759
0.43491411209106445,0.2979189157485962,0.4889277219772339,0.5561051964759827,0.5974767208099365,0.5853667855262756,0.29944896697998047,0.16219957172870636,0.40394914150238037,0.011461836285889149
0.40952426195144653,0.30493804812431335,0.48161154985427856,0.4398968815803528,0.6028290390968323,0.5850464105606079,0.28742316365242004,0.14685049653053284,0.4526667892932892,0.007739642634987831
0.42202427983283997,0.2775459587574005,0.44101959466934204,0.35350072383880615,0.529610276222229,0.48783811926841736,0.23932580649852753,0.14603592455387115,0.38860461115837097,0.011362329125404358
0.4613294303417206,0.4160478711128235,0.43999356031417847,0.4522208869457245,0.5849512219429016,0.5804582834243774,0.29477065801620483,0.16808216273784637,0.4206360876560211,0.016913123428821564
0.4461958110332489,0.30879515409469604,0.4497870206832886,0.37677550315856934,0.6452759504318237,0.5008667707443237,0.3127042353153229,0.1331368237733841,0.430181622505188,0.01060432568192482
0.44606366753578186,0.30653223395347595,0.444620281457901,0.4216381907463074,0.6259925365447998,0.5961480736732483,0.2891404926776886,0.140458345413208,0.37832868099212646,0.00968239363282919
0.47215744853019714,0.29727116227149963,0.49294352531433105,0.3983365595340729,0.6919263005256653,0.6590011119842529,0.25598061084747314,0.12300992012023926,0.4071834087371826,0.007953043095767498
0.44996377825737,0.3437975347042084,0.4696587324142456,0.41157910227775574,0.6502662897109985,0.61408531665802,0.29444828629493713,0.15079326927661896,0.3626333177089691,0.01008880976587534
0.5064263939857483,0.30789825320243835,0.47988879680633545,0.42465826869010925,0.6816021203994751,0.5619772672653198,0.27070721983909607,0.1527514010667801,0.3885422348976135,0.013019105419516563
0.47067591547966003,0.3716830909252167,0.5048922896385193,0.5075222849845886,0.5666399598121643,0.6554250121116638,0.28234589099884033,0.16904166340827942,0.44907552003860474,0.011954912915825844
0.4091596007347107,0.2903526723384857,0.49989378452301025,0.44629836082458496,0.6094905734062195,0.5886712670326233,0.2893758714199066,0.13620389997959137,0.36558544635772705,0.006852420046925545
0.434967964887619,0.345794141292572,0.41512855887413025,0.3064272701740265,0.6531788110733032,0.5609585642814636,0.22876772284507751,0.1357623040676117,0.36676672101020813,0.007444827351719141
0.42531004548072815,0.41994810104370117,0.2251712530851364,0.1287994235754013,0.34622493386268616,0.3881837725639343,0.2534264326095581,0.2335493117570877,0.2725035548210144,0.5178448557853699
0.42207321524620056,0.3117736279964447,0.48035240173339844,0.441663533449173,0.6953667402267456,0.6593762040138245,0.27090293169021606,0.14794747531414032,0.3757278323173523,0.007693870458751917
0.3906702399253845,0.4280075132846832,0.4654181897640228,0.5023865699768066,0.6069164276123047,0.5786240696907043,0.2704704701900482,0.14597086608409882,0.3672308921813965,0.012795046903192997
0.3952057957649231,0.2819505035877228,0.4981854557991028,0.33574506640434265,0.6256237030029297,0.609558641910553,0.227183997631073,0.15160685777664185,0.3146105706691742,0.008383996784687042
0.4333874583244324,0.30324697494506836,0.4577568471431732,0.44402244687080383,0.5927757620811462,0.5468791723251343,0.27415427565574646,0.13475735485553741,0.4086235463619232,0.011347385123372078
0.37379199266433716,0.33299025893211365,0.43564414978027344,0.47541898488998413,0.6181669235229492,0.5596075654029846,0.24939553439617157,0.14649076759815216,0.37014827132225037,0.011238767765462399
0.39168018102645874,0.30815866589546204,0.44427987933158875,0.4450785219669342,0.6150220632553101,0.5293086171150208,0.2212046980857849,0.10618870705366135,0.35457944869995117,0.01097091194242239
0.3945377767086029,0.3858962655067444,0.5078000426292419,0.4888518750667572,0.6094925403594971,0.6109796166419983,0.29022878408432007,0.15820127725601196,0.37877410650253296,0.008232047781348228
0.3913657069206238,0.30373361706733704,0.4893603026866913,0.43604713678359985,0.6533656120300293,0.6385964155197144,0.31782180070877075,0.1499418020248413,0.398545503616333,0.006509007420390844
0.45932456851005554,0.31556442379951477,0.5129632353782654,0.5426552295684814,0.6666343212127686,0.6530935764312744,0.30179911851882935,0.17410187423229218,0.39851850271224976,0.008734507486224174
0.3906742334365845,0.37235409021377563,0.5266841650009155,0.41919606924057007,0.655591607093811,0.6078433394432068,0.29064756631851196,0.15370765328407288,0.406464159488678,0.006919528357684612
0.408658504486084,0.3463481366634369,0.5152878761291504,0.5005281567573547,0.5792732834815979,0.5561689138412476,0.2630905210971832,0.15365320444107056,0.41082045435905457,0.008729818277060986
0.4119362235069275,0.39294782280921936,0.5024610161781311,0.45393335819244385,0.6552577614784241,0.615193784236908,0.29197970032691956,0.14047108590602875,0.3991527557373047,0.00821810681372881
0.3395812511444092,0.4864160418510437,0.4829888641834259,0.4731646478176117,0.6236728429794312,0.5369099378585815,0.28355109691619873,0.12026116251945496,0.32207611203193665,0.012061970308423042
0.38708561658859253,0.3564901649951935,0.4282465875148773,0.3573288917541504,0.6494396328926086,0.5444048643112183,0.299315869808197,0.15498808026313782,0.36511075496673584,0.013841123320162296
0.41995707154273987,0.2929339110851288,0.42034319043159485,0.1998780369758606,0.46852725744247437,0.3799715042114258,0.25236716866493225,0.21080906689167023,0.2971143424510956,0.11346832662820816
0.3845614492893219,0.43209877610206604,0.4177558720111847,0.3437744975090027,0.5673980712890625,0.46101871132850647,0.32607871294021606,0.19141538441181183,0.2548207640647888,0.06648695468902588
0.43200841546058655,0.29567015171051025,0.5194902420043945,0.3597961962223053,0.6647504568099976,0.6129821538925171,0.3214952051639557,0.17630308866500854,0.34701767563819885,0.007330480497330427
0.4736897945404053,0.36527588963508606,0.4113791584968567,0.40769147872924805,0.6104085445404053,0.5934031009674072,0.28955093026161194,0.14315061271190643,0.4425360858440399,0.015352952294051647
0.42060062289237976,0.3107728064060211,0.47803354263305664,0.48428332805633545,0.5887876152992249,0.5710058212280273,0.28304147720336914,0.1291259080171585,0.41604897379875183,0.009742286056280136
0.3715566098690033,0.4649532735347748,0.3570409119129181,0.3074345886707306,0.39996257424354553,0.45473453402519226,0.22307643294334412,0.22083601355552673,0.26373690366744995,0.05022548511624336
0.4488493800163269,0.2808549106121063,0.45370247960090637,0.4160519540309906,0.562409520149231,0.5628280639648438,0.3019378185272217,0.15847717225551605,0.4142639935016632,0.014555605128407478
0.4356214702129364,0.35036754608154297,0.425658255815506,0.5443444848060608,0.565173327922821,0.5668372511863708,0.33775192499160767,0.14960554242134094,0.4328034222126007,0.011382638476788998
0.4473626911640167,0.2598476707935333,0.4474986493587494,0.29010751843452454,0.6670829653739929,0.6161990165710449,0.24734297394752502,0.1393107771873474,0.35900115966796875,0.010118172504007816
0.4488617181777954,0.317025363445282,0.49709296226501465,0.5065726637840271,0.5936360359191895,0.6541112065315247,0.30657196044921875,0.16823329031467438,0.4086351990699768,0.011207140050828457
0.4440954923629761,0.33217817544937134,0.4786809980869293,0.48922380805015564,0.6525920629501343,0.6355884075164795,0.31849345564842224,0.15283456444740295,0.41043245792388916,0.009085419587790966
0.4468134939670563,0.3160996437072754,0.48318371176719666,0.4742191433906555,0.6476652026176453,0.6218885183334351,0.35821253061294556,0.16892234981060028,0.3878980875015259,0.008469068445265293
0.42425602674484253,0.2709542512893677,0.4955044686794281,0.4059225618839264,0.6314308643341064,0.617283284664154,0.28358593583106995,0.15893374383449554,0.4389142692089081,0.007978448644280434
0.42741096019744873,0.41431960463523865,0.440900593996048,0.5465596318244934,0.5263250470161438,0.5983982682228088,0.3229363262653351,0.15635263919830322,0.43490156531333923,0.025232572108507156
0.4362940490245819,0.3853207528591156,0.40642398595809937,0.43151789903640747,0.5939120650291443,0.658540666103363,0.29360029101371765,0.17462018132209778,0.43084046244621277,0.013438732363283634
0.42493900656700134,0.348303884267807,0.4961814880371094,0.47185248136520386,0.6096100211143494,0.627877950668335,0.30917468667030334,0.14488251507282257,0.407591313123703,0.009180182591080666
0.46851593255996704,0.40997597575187683,0.5002134442329407,0.5053035616874695,0.5704623460769653,0.6412359476089478,0.31877240538597107,0.15981143712997437,0.41552940011024475,0.012175559997558594
0.40763410925865173,0.457604318857193,0.5211182832717896,0.571265697479248,0.6142151951789856,0.6362502574920654,0.2823385000228882,0.17947731912136078,0.41073164343833923,0.015554801560938358
0.44343963265419006,0.3621198534965515,0.5103434920310974,0.5212812423706055,0.6183379888534546,0.6523331999778748,0.3075648546218872,0.1822662353515625,0.43045899271965027,0.009527555666863918
0.4666794240474701,0.4476352334022522,0.5224682092666626,0.5660549998283386,0.5904859304428101,0.6491169929504395,0.33042675256729126,0.1868196427822113,0.4187597632408142,0.012474610470235348
0.4230835735797882,0.3570963740348816,0.5235065817832947,0.4649527966976166,0.6115533113479614,0.5995051264762878,0.2893078029155731,0.17419466376304626,0.4185914695262909,0.015181889757514
0.4433194100856781,0.34214553236961365,0.5468682646751404,0.5570844411849976,0.5999111533164978,0.6510204672813416,0.3362685739994049,0.1507333517074585,0.44874897599220276,0.00977143831551075
0.4197417199611664,0.31011712551116943,0.4182124137878418,0.1947375386953354,0.5993726849555969,0.49496111273765564,0.15218810737133026,0.12764360010623932,0.35649374127388,0.01643594540655613
0.440057635307312,0.2941577434539795,0.4510239064693451,0.3683573007583618,0.6338443756103516,0.6129376888275146,0.2801111340522766,0.1683329939842224,0.36668965220451355,0.006893540732562542
0.4361346364021301,0.28496161103248596,0.5151948928833008,0.3963208496570587,0.6591072082519531,0.6298502087593079,0.25128647685050964,0.16295763850212097,0.41243109107017517,0.007951546460390091
0.48276829719543457,0.3133922517299652,0.5380373597145081,0.5130047798156738,0.6467195153236389,0.698119580745697,0.32934850454330444,0.18623828887939453,0.47155147790908813,0.00936202984303236
0.39857855439186096,0.43729713559150696,0.43987441062927246,0.38060617446899414,0.4341193735599518,0.35242581367492676,0.37055984139442444,0.18320487439632416,0.28182992339134216,0.0561954602599144
0.4805004894733429,0.309007853269577,0.5669232606887817,0.5181257724761963,0.6611850261688232,0.6739146113395691,0.35081228613853455,0.16861885786056519,0.46491727232933044,0.009779270738363266
0.46634921431541443,0.3250747621059418,0.5279030203819275,0.5228949189186096,0.660606324672699,0.6622676253318787,0.3153524100780487,0.17285268008708954,0.4281241297721863,0.009033061563968658
0.46581894159317017,0.3580959737300873,0.4964229464530945,0.49733230471611023,0.6281622648239136,0.6504284143447876,0.333810418844223,0.16249039769172668,0.4567323327064514,0.008526946417987347
0.46305838227272034,0.4078453481197357,0.4933165907859802,0.47772517800331116,0.6375312805175781,0.6529149413108826,0.304640531539917,0.18937121331691742,0.4216197729110718,0.009151086211204529
0.46931928396224976,0.35467538237571716,0.49139657616615295,0.5348131656646729,0.6325922012329102,0.6753534078598022,0.30075782537460327,0.1629190891981125,0.49440068006515503,0.011839388869702816
0.41875705122947693,0.45514997839927673,0.4106515049934387,0.4375104606151581,0.5354967713356018,0.5255767703056335,0.22803069651126862,0.1568642109632492,0.3801323175430298,0.018582332879304886
0.4483233392238617,0.39159202575683594,0.4837826192378998,0.4836883842945099,0.5620081424713135,0.6805285215377808,0.29144540429115295,0.1987828016281128,0.4347993731498718,0.013595948927104473
0.4498595595359802,0.33555999398231506,0.5149864554405212,0.4684096872806549,0.6460626125335693,0.6932517886161804,0.3094411790370941,0.1632288098335266,0.4551115036010742,0.00912865623831749
0.44671744108200073,0.35328108072280884,0.5652589797973633,0.4964440166950226,0.6216928362846375,0.6727026700973511,0.3258473873138428,0.1826171576976776,0.4452190101146698,0.007659884635359049
0.45438939332962036,0.33115801215171814,0.5342856645584106,0.47109392285346985,0.6418817639350891,0.6703281402587891,0.3678986132144928,0.170733243227005,0.4323122501373291,0.007674258667975664
0.4442121386528015,0.24920444190502167,0.5423287749290466,0.40917888283729553,0.6874020099639893,0.6481519341468811,0.29196664690971375,0.13363303244113922,0.42076289653778076,0.007249683607369661
0.3982652425765991,0.32625579833984375,0.47436216473579407,0.33021077513694763,0.6710430383682251,0.616339921951294,0.31466683745384216,0.13617685437202454,0.3868536353111267,0.011917375028133392
0.4288426637649536,0.28305500745773315,0.4481481611728668,0.3215101957321167,0.6116822957992554,0.6006413102149963,0.25504040718078613,0.10566280037164688,0.4175856411457062,0.014736456796526909
0.4291442632675171,0.3225395083427429,0.2521626949310303,0.22952425479888916,0.5566020607948303,0.4528481364250183,0.20260362327098846,0.10307356715202332,0.4608090817928314,0.04817766323685646
0.4418310821056366,0.4449300765991211,0.2417103797197342,0.27168169617652893,0.42579999566078186,0.4929899275302887,0.26134738326072693,0.15626466274261475,0.42819514870643616,0.08187040686607361
0.4198632836341858,0.34686002135276794,0.44672906398773193,0.3563733696937561,0.6233742833137512,0.5977398157119751,0.35700178146362305,0.1477760672569275,0.42751526832580566,0.00873539038002491
0.4395239055156708,0.38126426935195923,0.3988651931285858,0.2882601320743561,0.5889176726341248,0.5708834528923035,0.2800322473049164,0.121945321559906,0.4046145975589752,0.01174856349825859
0.42129451036453247,0.3432651162147522,0.4065343141555786,0.36592045426368713,0.6184275150299072,0.6138731837272644,0.28635117411613464,0.13920120894908905,0.343610554933548,0.00910117942839861
0.4499834477901459,0.3484756648540497,0.4940606355667114,0.39120107889175415,0.6104047298431396,0.5726462006568909,0.3217328190803528,0.1507817953824997,0.3629416823387146,0.01133878156542778
0.46053898334503174,0.3318459987640381,0.2413446456193924,0.2890499532222748,0.5514046549797058,0.4322934150695801,0.20930732786655426,0.12415274232625961,0.410971075296402,0.04892762750387192
0.41352781653404236,0.31411123275756836,0.5612861514091492,0.3220535218715668,0.6938081383705139,0.6240407824516296,0.36369580030441284,0.1751294583082199,0.34091717004776,0.008527728728950024
0.4612886309623718,0.409189909696579,0.33621445298194885,0.31463822722435,0.593329131603241,0.5316988229751587,0.2612774074077606,0.12117733806371689,0.34779927134513855,0.019448060542345047
0.4188593029975891,0.5121209621429443,0.19232550263404846,0.33557596802711487,0.42466989159584045,0.3689342141151428,0.3006095290184021,0.1711796373128891,0.3210275173187256,0.1769683063030243
0.461300790309906,0.2531089186668396,0.29777956008911133,0.18732157349586487,0.5968515872955322,0.46604254841804504,0.22531968355178833,0.10700341314077377,0.32716745138168335,0.025247864425182343
0.386151522397995,0.3060152530670166,0.2780432403087616,0.2618427276611328,0.3622877299785614,0.4288584291934967,0.32447701692581177,0.17888151109218597,0.3808498978614807,0.45547348260879517
0.42236897349357605,0.327021062374115,0.49615371227264404,0.35445138812065125,0.6360960006713867,0.5136491656303406,0.3130902945995331,0.14856311678886414,0.3667995035648346,0.008313730359077454
0.39006826281547546,0.3534027636051178,0.537730872631073,0.4342506229877472,0.5480040907859802,0.5284692645072937,0.32711780071258545,0.1727486550807953,0.34302234649658203,0.007844646461308002
0.3954199552536011,0.31052684783935547,0.5031800270080566,0.4052364230155945,0.6124169826507568,0.6033225059509277,0.3209078013896942,0.14125917851924896,0.36934518814086914,0.006564554292708635
0.37597739696502686,0.2973102629184723,0.3879891633987427,0.3155527710914612,0.5515096187591553,0.5208593010902405,0.2670535445213318,0.1601240038871765,0.342400461435318,0.011785609647631645
0.3761363625526428,0.35209423303604126,0.5117461681365967,0.3464009463787079,0.5490055084228516,0.4874066412448883,0.29835042357444763,0.16984888911247253,0.28223130106925964,0.009377526119351387
0.4151138663291931,0.3432151675224304,0.49428945779800415,0.42898282408714294,0.6580476760864258,0.5716601610183716,0.3221322000026703,0.15895581245422363,0.39817237854003906,0.006776506546884775
0.4274187386035919,0.3468255400657654,0.5163635611534119,0.43324676156044006,0.6372908353805542,0.6151052713394165,0.35044875741004944,0.1424771398305893,0.3675437271595001,0.006252294406294823
0.37786200642585754,0.3385351598262787,0.4193004369735718,0.3751092851161957,0.6019099950790405,0.44095906615257263,0.2494092583656311,0.13269588351249695,0.3470580577850342,0.013382884673774242
0.4241084158420563,0.3051161468029022,0.5359874963760376,0.3783106505870819,0.6862411499023438,0.5965663194656372,0.35413071513175964,0.1631113588809967,0.3666466474533081,0.007710408419370651
0.46352484822273254,0.310606986284256,0.5233827829360962,0.4651242792606354,0.7028904557228088,0.6723284125328064,0.3336425721645355,0.15610432624816895,0.39972564578056335,0.0068237679079174995
0.4260593354701996,0.28864729404449463,0.5013359785079956,0.37299367785453796,0.6574046015739441,0.5511475801467896,0.2356780469417572,0.1471157819032669,0.3959278464317322,0.008129713125526905
0.4188011884689331,0.33823636174201965,0.506611168384552,0.3315686583518982,0.65790194272995,0.5288363099098206,0.2803336977958679,0.14170339703559875,0.3717070519924164,0.0096793994307518
0.4309329092502594,0.29630419611930847,0.5376253128051758,0.4412584900856018,0.6674962639808655,0.6337956190109253,0.31989532709121704,0.14998401701450348,0.4177524447441101,0.005957300774753094
0.44639793038368225,0.3448587954044342,0.3511514365673065,0.3644983768463135,0.6010808944702148,0.4890572130680084,0.23200379312038422,0.14100424945354462,0.3626648187637329,0.015280825085937977
0.418900728225708,0.3209850490093231,0.5230423212051392,0.4071265757083893,0.6622338891029358,0.6478936076164246,0.31546202301979065,0.15943121910095215,0.4032745659351349,0.005511312745511532
0.39190423488616943,0.33906155824661255,0.4441561698913574,0.37503352761268616,0.5857336521148682,0.566696047782898,0.25073280930519104,0.17980904877185822,0.38807040452957153,0.011354031972587109
0.41955670714378357,0.3115084171295166,0.4575529396533966,0.3924282491207123,0.6360435485839844,0.6457712054252625,0.2939473092556,0.15316857397556305,0.391488641500473,0.006861674599349499
0.4259254038333893,0.23680393397808075,0.4118100702762604,0.32862386107444763,0.6308509707450867,0.5288418531417847,0.21996912360191345,0.16231600940227509,0.3657512664794922,0.00860685296356678
0.4156748652458191,0.3190264105796814,0.5184277892112732,0.4141785800457001,0.6242586970329285,0.6145551204681396,0.28690940141677856,0.141020730137825,0.3930613100528717,0.006081152241677046
0.3952350616455078,0.33890798687934875,0.46379631757736206,0.41438955068588257,0.6035779118537903,0.5775571465492249,0.2702026665210724,0.1884557604789734,0.3556867241859436,0.0076398891396820545
0.4313284158706665,0.2910831868648529,0.4773990213871002,0.386573851108551,0.6456374526023865,0.6413004398345947,0.3185374438762665,0.16064733266830444,0.38426724076271057,0.006763159297406673
0.4364550709724426,0.30197253823280334,0.5274488925933838,0.39606553316116333,0.638998806476593,0.6495184898376465,0.3278511166572571,0.14893823862075806,0.41795775294303894,0.005652457941323519
0.3940526843070984,0.2765342891216278,0.35762616991996765,0.26355597376823425,0.5872371196746826,0.49233278632164,0.19991418719291687,0.16020821034908295,0.38121187686920166,0.012153534218668938
0.38258296251296997,0.26388418674468994,0.44521403312683105,0.37828531861305237,0.6513333320617676,0.5790347456932068,0.331919401884079,0.15701709687709808,0.380014032125473,0.006374926306307316
0.43276214599609375,0.28714829683303833,0.48000359535217285,0.3350273370742798,0.5548564195632935,0.526252806186676,0.2890264689922333,0.16377800703048706,0.33793967962265015,0.009335983544588089
0.42143502831459045,0.3172241449356079,0.5073007345199585,0.3832688331604004,0.6318674683570862,0.5612733364105225,0.3578478991985321,0.14369535446166992,0.36678311228752136,0.0061527881771326065
0.3964521288871765,0.3409378230571747,0.5590165853500366,0.44976040720939636,0.6556037068367004,0.5662908554077148,0.4070667326450348,0.1589689701795578,0.3703181743621826,0.007727231364697218
0.3860040307044983,0.30012816190719604,0.4249879717826843,0.3235921561717987,0.6176544427871704,0.5419921875,0.26181158423423767,0.16128204762935638,0.36093512177467346,0.00695174653083086
0.39197102189064026,0.2656293511390686,0.423971563577652,0.2755929231643677,0.6265510320663452,0.5817328691482544,0.23714129626750946,0.1426067054271698,0.3658592998981476,0.009773796424269676
0.4589097797870636,0.3084898293018341,0.45039522647857666,0.3324729800224304,0.6269375681877136,0.6223198771476746,0.2838186025619507,0.15194059908390045,0.41873764991760254,0.009002521634101868
0.48740190267562866,0.5983855128288269,0.17717374861240387,0.3203573524951935,0.39533111453056335,0.41952767968177795,0.4056362211704254,0.2669036090373993,0.3788296580314636,0.3782540559768677
0.4403204321861267,0.30153703689575195,0.5456640720367432,0.3616294264793396,0.7217239141464233,0.6838164925575256,0.35146889090538025,0.13589191436767578,0.3905377984046936,0.005997259169816971
0.4506223499774933,0.356147825717926,0.43250101804733276,0.37823885679244995,0.53371661901474,0.5001612305641174,0.40349242091178894,0.13729135692119598,0.3685152232646942,0.03184729069471359
0.42375504970550537,0.33064723014831543,0.5342459678649902,0.39627230167388916,0.6631579995155334,0.6578961610794067,0.29486793279647827,0.16122967004776,0.4031096398830414,0.006410053465515375
0.4625163972377777,0.29787540435791016,0.5171626210212708,0.443733274936676,0.6605885624885559,0.625679075717926,0.29771560430526733,0.17102517187595367,0.39188140630722046,0.007254115305840969
0.4848962128162384,0.3936079740524292,0.3271614611148834,0.3114446699619293,0.5565402507781982,0.533847987651825,0.22414305806159973,0.12836000323295593,0.5031178593635559,0.04642918333411217
0.441971093416214,0.40882936120033264,0.43673208355903625,0.354360967874527,0.6316108107566833,0.5362669229507446,0.22260886430740356,0.12773723900318146,0.37053513526916504,0.016502292826771736
0.4837452173233032,0.3254353106021881,0.625593900680542,0.4315034747123718,0.7265445590019226,0.7225339412689209,0.3543309271335602,0.16360028088092804,0.4521801173686981,0.006808434147387743
0.4122738540172577,0.4408629238605499,0.267595499753952,0.36672645807266235,0.5888620018959045,0.5413464307785034,0.31076136231422424,0.1711462289094925,0.4340820610523224,0.08395154029130936
0.449984073638916,0.34767571091651917,0.39627981185913086,0.25994038581848145,0.5473169684410095,0.45225247740745544,0.28224462270736694,0.11125077307224274,0.4321223795413971,0.021799948066473007
0.4719211459159851,0.2787492275238037,0.5554922819137573,0.40244781970977783,0.6941514611244202,0.6798999905586243,0.3413771390914917,0.1658937633037567,0.4122442901134491,0.0067810495384037495
0.3908242881298065,0.3045298457145691,0.5255526900291443,0.3807429075241089,0.7068074345588684,0.6151450276374817,0.29552197456359863,0.16377098858356476,0.330570787191391,0.007409045938402414
0.43265500664711,0.3430750370025635,0.4207436144351959,0.30306538939476013,0.5833510756492615,0.5321285128593445,0.2583104372024536,0.1409987062215805,0.3360648453235626,0.015542707405984402
0.46710216999053955,0.25049272179603577,0.5213539600372314,0.4249480366706848,0.6459700465202332,0.5992404222488403,0.2577754855155945,0.13239119946956635,0.46416929364204407,0.00829304475337267
0.42150285840034485,0.2551650106906891,0.472085177898407,0.3760988116264343,0.5948692560195923,0.5721777677536011,0.23045089840888977,0.1989603191614151,0.3940282464027405,0.01192436646670103
0.4118453860282898,0.2928939163684845,0.44464996457099915,0.4476470351219177,0.6547635793685913,0.6370976567268372,0.3131892681121826,0.171775683760643,0.39341285824775696,0.006617386359721422
0.45295560359954834,0.3925637900829315,0.4369841516017914,0.2487327605485916,0.6324261426925659,0.529369056224823,0.23169192671775818,0.17597855627536774,0.40238651633262634,0.017198247835040092
0.40854382514953613,0.42045456171035767,0.3987983465194702,0.4491029679775238,0.5846436619758606,0.5578098297119141,0.2784029543399811,0.17437800765037537,0.4055660665035248,0.00845638383179903
0.3870822489261627,0.4019634425640106,0.34897732734680176,0.15207140147686005,0.4215455949306488,0.41018015146255493,0.23976759612560272,0.181854248046875,0.3115402162075043,0.4441503584384918
0.47746729850769043,0.5026726126670837,0.26770836114883423,0.31953030824661255,0.5708509087562561,0.5791551470756531,0.1966998130083084,0.14760103821754456,0.43386590480804443,0.04287051409482956
0.43670350313186646,0.371645450592041,0.4889013171195984,0.43920576572418213,0.714134156703949,0.6318098902702332,0.3253551423549652,0.15534761548042297,0.3569137156009674,0.007509706541895866
0.4211078882217407,0.2820817232131958,0.40590983629226685,0.36215025186538696,0.6390382051467896,0.634569525718689,0.22648628056049347,0.15245188772678375,0.45009005069732666,0.014896361157298088
0.45885929465293884,0.27805134654045105,0.4807179570198059,0.36587727069854736,0.6523452997207642,0.6226380467414856,0.248762309551239,0.13745424151420593,0.39076849818229675,0.008548379875719547
0.42637890577316284,0.28485721349716187,0.4732314646244049,0.46240678429603577,0.610848605632782,0.6300371289253235,0.3098925054073334,0.1465846449136734,0.3959019184112549,0.0089945113286376
0.45578786730766296,0.3191823661327362,0.43687736988067627,0.2748064398765564,0.7213281393051147,0.6181379556655884,0.18488384783267975,0.16303765773773193,0.39825382828712463,0.01303399633616209
0.4276524484157562,0.3364647924900055,0.538797914981842,0.46207016706466675,0.6116726398468018,0.673936665058136,0.3426482677459717,0.20885378122329712,0.4514603316783905,0.006300001870840788
0.5019882917404175,0.39370983839035034,0.2729877531528473,0.2537286877632141,0.6111573576927185,0.563058614730835,0.2963981628417969,0.21539519727230072,0.36108073592185974,0.05362730845808983
0.4213317334651947,0.3865564465522766,0.4117650091648102,0.33938661217689514,0.5999720096588135,0.5911363363265991,0.23502017557621002,0.13704264163970947,0.32119935750961304,0.010036531835794449
0.3253001570701599,0.4097002148628235,0.3363003432750702,0.15972290933132172,0.4527852237224579,0.5037172436714172,0.23835870623588562,0.35807913541793823,0.22769834101200104,0.2792973816394806
0.4086116850376129,0.3020104467868805,0.4492080807685852,0.32345739006996155,0.603901743888855,0.527677595615387,0.2511295676231384,0.1277238130569458,0.3567715585231781,0.00771276606246829
0.3695586919784546,0.2889135479927063,0.4335256516933441,0.3921559453010559,0.5749276876449585,0.592405378818512,0.219453364610672,0.18665508925914764,0.3673971891403198,0.01289342064410448
0.32321566343307495,0.4072561264038086,0.5064668655395508,0.571969747543335,0.5416915416717529,0.5920103788375854,0.3228761851787567,0.27238890528678894,0.3248448371887207,0.01547266636043787
0.4663253724575043,0.26594308018684387,0.44282689690589905,0.3649400770664215,0.6530904173851013,0.620086133480072,0.25032612681388855,0.13405370712280273,0.3668552339076996,0.009149806573987007
0.42531004548072815,0.41994810104370117,0.2251712530851364,0.1287994235754013,0.34622493386268616,0.3881837725639343,0.2534264326095581,0.2335493117570877,0.2725035548210144,0.5178448557853699
0.4667634665966034,0.2678772211074829,0.481465220451355,0.17936798930168152,0.6786099672317505,0.7186916470527649,0.23854707181453705,0.175744891166687,0.4830682873725891,0.010990181937813759
0.36749574542045593,0.3387620449066162,0.46779194474220276,0.3836902976036072,0.6057042479515076,0.5846514105796814,0.3976742923259735,0.18675974011421204,0.4223751127719879,0.006634697783738375
0.37957850098609924,0.44115355610847473,0.501465380191803,0.5194299221038818,0.5882105231285095,0.6152326464653015,0.33161452412605286,0.18061384558677673,0.383396714925766,0.009535280987620354
0.4327590763568878,0.3212622106075287,0.4244934320449829,0.33726972341537476,0.4807254672050476,0.5356090068817139,0.26443085074424744,0.13756060600280762,0.32515183091163635,0.011341983452439308
0.4372924864292145,0.29493793845176697,0.48110705614089966,0.31865036487579346,0.7267904281616211,0.627981424331665,0.32782959938049316,0.17384111881256104,0.4480155110359192,0.006980830803513527
0.3927752673625946,0.41028016805648804,0.26326531171798706,0.21723876893520355,0.2569577395915985,0.2790790796279907,0.19749489426612854,0.2937169373035431,0.3832738995552063,0.5829145312309265
0.4051174819469452,0.32830196619033813,0.5170267224311829,0.3958439826965332,0.6175751090049744,0.6578325033187866,0.33178430795669556,0.22218076884746552,0.3701830804347992,0.006817849352955818
0.3855287730693817,0.3646622896194458,0.4892829954624176,0.4809281527996063,0.6412671804428101,0.6212291717529297,0.2919236719608307,0.14318694174289703,0.44582709670066833,0.007977583445608616
0.4350214898586273,0.3397519290447235,0.29262006282806396,0.24241754412651062,0.6393569111824036,0.6006559133529663,0.2567403316497803,0.14199243485927582,0.4566539227962494,0.019657861441373825
0.4370820224285126,0.2630051076412201,0.5343742370605469,0.3965669572353363,0.6680707931518555,0.6300878524780273,0.2944170832633972,0.16660505533218384,0.39888882637023926,0.006836602929979563
0.37557265162467957,0.3514261543750763,0.5460647344589233,0.395612508058548,0.6842465996742249,0.6191563606262207,0.27504849433898926,0.14645297825336456,0.3568649888038635,0.006991399917751551
0.46705254912376404,0.3873024582862854,0.3669607937335968,0.4988655745983124,0.6389303207397461,0.6190565824508667,0.36670345067977905,0.20136944949626923,0.41222697496414185,0.015304199419915676
0.3460627794265747,0.37838518619537354,0.5059628486633301,0.41027313470840454,0.6337754726409912,0.5724852681159973,0.31621626019477844,0.14594390988349915,0.3264090120792389,0.008754330687224865
0.4424585998058319,0.38213199377059937,0.5080919861793518,0.5207143425941467,0.6438946723937988,0.619547426700592,0.29906582832336426,0.1666237711906433,0.3616082966327667,0.008038840256631374
0.4871634244918823,0.35638663172721863,0.4090235233306885,0.45959165692329407,0.6647444367408752,0.6254335641860962,0.30952590703964233,0.17340028285980225,0.40548616647720337,0.011520793661475182
0.4049050807952881,0.3305058777332306,0.5290265083312988,0.4711879789829254,0.6793092489242554,0.6000939607620239,0.2980603277683258,0.16701066493988037,0.38179945945739746,0.007841949351131916
0.4645141065120697,0.2947489619255066,0.5171203017234802,0.43485262989997864,0.702537477016449,0.6637410521507263,0.29716020822525024,0.15582896769046783,0.3677975833415985,0.007842461578547955
0.38779395818710327,0.4457430839538574,0.504448652267456,0.4932880699634552,0.6161330938339233,0.5554977655410767,0.30066752433776855,0.157978355884552,0.30490541458129883,0.013224277645349503
0.45773693919181824,0.33488526940345764,0.4510401487350464,0.31626012921333313,0.6183373928070068,0.4997151792049408,0.3138580620288849,0.15209881961345673,0.28997713327407837,0.02284945733845234
0.42241254448890686,0.35367247462272644,0.4223456084728241,0.45614659786224365,0.6172056198120117,0.5993340015411377,0.30491575598716736,0.1310318112373352,0.3690221905708313,0.00744031835347414
0.4150339663028717,0.301193505525589,0.42861407995224,0.21974757313728333,0.605002760887146,0.4272887110710144,0.19537733495235443,0.14367841184139252,0.3163655698299408,0.01200447790324688
0.4541514813899994,0.3607720732688904,0.5064641237258911,0.39527347683906555,0.6759518980979919,0.5805020928382874,0.29548245668411255,0.12984570860862732,0.3993466794490814,0.009640560485422611
0.3308464586734772,0.6652287244796753,0.5340654253959656,0.5640916228294373,0.5470803380012512,0.36069992184638977,0.25998902320861816,0.21324607729911804,0.28771576285362244,0.09619130939245224
0.4075414836406708,0.313627153635025,0.448458731174469,0.4988616108894348,0.5948202013969421,0.5774558186531067,0.2578069567680359,0.16274598240852356,0.3450780212879181,0.00890517421066761
0.44983285665512085,0.2811829447746277,0.4941602945327759,0.3275020122528076,0.6896840333938599,0.6350103616714478,0.24157433211803436,0.1343095451593399,0.35295867919921875,0.007280981168150902
0.3759998381137848,0.4399923086166382,0.4740424156188965,0.5403577089309692,0.7116779685020447,0.5826300382614136,0.30589574575424194,0.12970730662345886,0.32990628480911255,0.020682137459516525
0.4657631516456604,0.3969348669052124,0.22402603924274445,0.18418173491954803,0.30612772703170776,0.527267575263977,0.3117015063762665,0.3036496341228485,0.4561103284358978,0.8665746450424194
0.497483491897583,0.25591036677360535,0.4248626232147217,0.2801707088947296,0.6805080771446228,0.5814698338508606,0.2560499608516693,0.14475999772548676,0.32622799277305603,0.014417731203138828
0.43251630663871765,0.3330995738506317,0.39112862944602966,0.38125333189964294,0.5887017250061035,0.5812628865242004,0.29058054089546204,0.1299237310886383,0.3233204483985901,0.011914241127669811
0.44508689641952515,0.37744686007499695,0.4750266969203949,0.4310738742351532,0.6299089789390564,0.6243458986282349,0.2709479331970215,0.1364680677652359,0.40974339842796326,0.007551110349595547
0.3510076105594635,0.5974215865135193,0.24455103278160095,0.4645007848739624,0.4698156714439392,0.2943597435951233,0.2555428445339203,0.23575274646282196,0.3632870018482208,0.06503607332706451
0.40648022294044495,0.39268288016319275,0.3365185260772705,0.19094237685203552,0.5871251225471497,0.5598229169845581,0.19746479392051697,0.15039342641830444,0.2821899652481079,0.016170956194400787
0.4813562035560608,0.2801320254802704,0.47042953968048096,0.35951492190361023,0.7062961459159851,0.6669180393218994,0.3319501578807831,0.1640547513961792,0.42507705092430115,0.00788327120244503
0.3898531496524811,0.5355464816093445,0.19921433925628662,0.20200039446353912,0.3380166292190552,0.34652775526046753,0.2228558212518692,0.19171969592571259,0.30060723423957825,0.08187509328126907
0.42927801609039307,0.3089718520641327,0.3553560674190521,0.22431114315986633,0.6047192215919495,0.561151921749115,0.1607607901096344,0.13486596941947937,0.34188228845596313,0.012619398534297943
0.4459800720214844,0.36313924193382263,0.4409981966018677,0.451073557138443,0.5494565367698669,0.5889872908592224,0.30972689390182495,0.11940466612577438,0.4435622990131378,0.010782375931739807
0.4314848780632019,0.3726636469364166,0.4822714030742645,0.3835296034812927,0.5833088755607605,0.6001266241073608,0.2595190703868866,0.140940859913826,0.37118905782699585,0.007616184186190367
0.48677486181259155,0.2690698504447937,0.44049975275993347,0.3722943067550659,0.629249095916748,0.6145709753036499,0.2521439492702484,0.132228821516037,0.3270958662033081,0.008742892183363438
0.440170019865036,0.2816350758075714,0.44664236903190613,0.43408265709877014,0.6342162489891052,0.6068548560142517,0.2621535360813141,0.14313757419586182,0.40962642431259155,0.008498854003846645
0.4416581988334656,0.4173213541507721,0.5429613590240479,0.5316789746284485,0.6723758578300476,0.644077479839325,0.3220215439796448,0.16794522106647491,0.384836882352829,0.009266752749681473
0.43678855895996094,0.3793433904647827,0.41159576177597046,0.3708132207393646,0.6509758830070496,0.6072213649749756,0.2509836256504059,0.1540837287902832,0.325456440448761,0.012562676332890987
0.4397292733192444,0.47731873393058777,0.3753524124622345,0.22697800397872925,0.5717308521270752,0.4053896963596344,0.3120821416378021,0.17487570643424988,0.3258105516433716,0.124026820063591
0.4798631966114044,0.3059895932674408,0.4573044776916504,0.24283990263938904,0.6996517777442932,0.6209153532981873,0.21217688918113708,0.1355598419904709,0.42793166637420654,0.010331857018172741
0.42929428815841675,0.2952946424484253,0.465129017829895,0.44733336567878723,0.594572126865387,0.40271735191345215,0.2894778251647949,0.1902260035276413,0.3767549395561218,0.029984084889292717
0.35264578461647034,0.5149094462394714,0.4065608084201813,0.35898157954216003,0.5659386515617371,0.5101343989372253,0.3975687026977539,0.12532982230186462,0.35204440355300903,0.08470797538757324
0.4293288290500641,0.4448719620704651,0.3431878387928009,0.3980919420719147,0.45168817043304443,0.5461306571960449,0.2761836051940918,0.14487645030021667,0.43306905031204224,0.03945506364107132
0.4389050304889679,0.32164567708969116,0.46943214535713196,0.46321192383766174,0.6199249625205994,0.6376452445983887,0.3059180974960327,0.1948118358850479,0.444247841835022,0.009969783946871758
0.4454687237739563,0.35286933183670044,0.4200471341609955,0.4251108765602112,0.5535871982574463,0.5999220013618469,0.29741761088371277,0.14775922894477844,0.43441399931907654,0.012216301634907722
0.40061190724372864,0.4252065122127533,0.2639492154121399,0.2708387076854706,0.4645194709300995,0.2576640546321869,0.2933958172798157,0.11748722195625305,0.3090922236442566,0.051384009420871735
0.44578564167022705,0.37208518385887146,0.3890022039413452,0.3936251103878021,0.5275402665138245,0.5351253747940063,0.3119593560695648,0.13456469774246216,0.38379135727882385,0.01884142868220806
0.37855374813079834,0.49857065081596375,0.3176904320716858,0.5462157130241394,0.5808439254760742,0.5467086434364319,0.2702474892139435,0.17732402682304382,0.3242054581642151,0.04873193800449371
0.4725359082221985,0.48280978202819824,0.2718483805656433,0.2691045105457306,0.47801047563552856,0.4362330138683319,0.31154513359069824,0.2757551074028015,0.29197344183921814,0.18561236560344696
0.44917476177215576,0.401907742023468,0.5173248648643494,0.47902190685272217,0.6502445936203003,0.6476329565048218,0.33962482213974,0.1925390064716339,0.40533363819122314,0.009611158631742
0.4260216951370239,0.2819375991821289,0.4403369128704071,0.36230093240737915,0.6794809699058533,0.6321879625320435,0.2580080032348633,0.16125285625457764,0.3893803060054779,0.01172079797834158
0.4550783932209015,0.2947568893432617,0.36872056126594543,0.23334503173828125,0.6920356154441833,0.5680949091911316,0.18631750345230103,0.13122834265232086,0.37745749950408936,0.01512487418949604
0.3992832899093628,0.46144622564315796,0.19342002272605896,0.24911969900131226,0.49601995944976807,0.3580184280872345,0.14781111478805542,0.16683565080165863,0.3702491223812103,0.2085501104593277
0.4714360535144806,0.3230699300765991,0.4332258701324463,0.2579055726528168,0.7113022208213806,0.6579011678695679,0.2667261064052582,0.15497425198554993,0.420032262802124,0.011933814734220505
0.46451377868652344,0.3513272702693939,0.3616783320903778,0.2702619135379791,0.6814683079719543,0.7265961170196533,0.20373769104480743,0.1486501842737198,0.41891714930534363,0.011305702850222588
0.4640791714191437,0.3272857964038849,0.5198500752449036,0.4945043623447418,0.6285039186477661,0.644464910030365,0.3204229474067688,0.1646953523159027,0.37863051891326904,0.008529970422387123
0.3672236502170563,0.3385874927043915,0.37635037302970886,0.3806835114955902,0.5588383674621582,0.5115925669670105,0.20219509303569794,0.16085389256477356,0.4018949568271637,0.01709090918302536
0.43541219830513,0.3663371801376343,0.40526115894317627,0.5231223106384277,0.5339987277984619,0.558436393737793,0.2961077392101288,0.17564140260219574,0.37234747409820557,0.017660437151789665
0.4391077756881714,0.27393561601638794,0.48365098237991333,0.2627778947353363,0.5957857370376587,0.4933491051197052,0.22578811645507812,0.13220274448394775,0.34298405051231384,0.010183717124164104
0.4570234715938568,0.3460589051246643,0.48642370104789734,0.3172351121902466,0.6400750279426575,0.6208721995353699,0.24862055480480194,0.15811188519001007,0.3353286385536194,0.009543854743242264
0.439665824174881,0.3125796914100647,0.41084206104278564,0.3197379410266876,0.6236519813537598,0.6151915192604065,0.3083548843860626,0.17809490859508514,0.3566548228263855,0.009573268704116344
0.4933469295501709,0.3326410949230194,0.5435996055603027,0.38015636801719666,0.6866821646690369,0.6838341951370239,0.3697047233581543,0.1676662564277649,0.4079354405403137,0.008755596354603767
0.4139460027217865,0.365594744682312,0.4063400328159332,0.2570717930793762,0.5751338601112366,0.5505074858665466,0.32150089740753174,0.15061795711517334,0.34176233410835266,0.023192988708615303
0.4617159068584442,0.31292128562927246,0.537624180316925,0.4470047354698181,0.6228601336479187,0.6975124478340149,0.32574689388275146,0.1526985466480255,0.4174720048904419,0.006430584937334061
0.41865888237953186,0.33646461367607117,0.4783340096473694,0.29184427857398987,0.5885083079338074,0.6136255860328674,0.2831779420375824,0.17937332391738892,0.3992423713207245,0.009663683362305164
0.4848272204399109,0.3364613950252533,0.45291435718536377,0.37022146582603455,0.6459258198738098,0.6811892986297607,0.3029787242412567,0.15107180178165436,0.42076578736305237,0.008189388550817966
0.44018542766571045,0.3477979898452759,0.5886671543121338,0.36444365978240967,0.6085037589073181,0.6472262144088745,0.33806201815605164,0.15182271599769592,0.3693999648094177,0.008211106993258
0.4452694356441498,0.46438512206077576,0.30780449509620667,0.4168923795223236,0.5085485577583313,0.6208885312080383,0.39508798718452454,0.18952305614948273,0.38513898849487305,0.04818939045071602
0.44086989760398865,0.3229348361492157,0.4870707094669342,0.3894195258617401,0.5964657068252563,0.6045424342155457,0.31064867973327637,0.15019841492176056,0.3995678424835205,0.008229386061429977
0.4778338074684143,0.4194014072418213,0.3450849950313568,0.3927912712097168,0.4900340139865875,0.5724841952323914,0.3188236355781555,0.1373375803232193,0.30396562814712524,0.029623614624142647
0.4356851875782013,0.33378103375434875,0.49671000242233276,0.539375364780426,0.5385946035385132,0.6331086754798889,0.3974241316318512,0.168758362531662,0.44828373193740845,0.011291706003248692
0.48937156796455383,0.4386857748031616,0.3595419228076935,0.40101924538612366,0.5755930542945862,0.6449899077415466,0.3618338108062744,0.1849786937236786,0.5035500526428223,0.04254193231463432
0.4091540277004242,0.3579365611076355,0.4901652932167053,0.3937709331512451,0.616139829158783,0.5841991901397705,0.2986754775047302,0.15092886984348297,0.3365534842014313,0.009437278844416142
0.4068238437175751,0.3155933916568756,0.4469349682331085,0.2529831826686859,0.5901188254356384,0.5474920868873596,0.2805976867675781,0.17313165962696075,0.29199615120887756,0.013935573399066925
0.44291430711746216,0.34219691157341003,0.5374186038970947,0.3735719323158264,0.6014971137046814,0.627656102180481,0.31384724378585815,0.1739698052406311,0.38022381067276,0.010113975964486599
0.4962346851825714,0.31206491589546204,0.5687050819396973,0.4431651532649994,0.5280389785766602,0.5446811318397522,0.3723970949649811,0.12924574315547943,0.4158497154712677,0.020247850567102432
0.48937156796455383,0.4386857748031616,0.3595419228076935,0.40101924538612366,0.5755930542945862,0.6449899077415466,0.3618338108062744,0.1849786937236786,0.5035500526428223,0.04254193231463432
0.39360472559928894,0.3669906258583069,0.4465038776397705,0.5044670104980469,0.46360597014427185,0.5000874400138855,0.35829365253448486,0.14029881358146667,0.34959882497787476,0.014387114904820919
0.4486328065395355,0.41766658425331116,0.4355877637863159,0.5070997476577759,0.5127047896385193,0.5795483589172363,0.31971433758735657,0.1494639366865158,0.38747307658195496,0.012644157744944096
0.44460612535476685,0.3529350161552429,0.5307820439338684,0.3630845546722412,0.6070305109024048,0.6232107877731323,0.32462435960769653,0.14571882784366608,0.4009568691253662,0.007211979478597641
0.4349127411842346,0.38543325662612915,0.36489245295524597,0.5032614469528198,0.5241410732269287,0.4784102141857147,0.3177098333835602,0.0959983766078949,0.3355186879634857,0.01266682893037796
0.41916120052337646,0.36256512999534607,0.4746759831905365,0.26122188568115234,0.5827617049217224,0.4760279953479767,0.2233506143093109,0.1238052174448967,0.3494637906551361,0.03327406570315361
0.4385686218738556,0.35548076033592224,0.5420177578926086,0.40176922082901,0.5894749164581299,0.655677080154419,0.3055797815322876,0.164848193526268,0.4087070822715759,0.00937426183372736
0.3740469515323639,0.4219999611377716,0.33241721987724304,0.21413058042526245,0.46851611137390137,0.4606020748615265,0.264539510011673,0.13196338713169098,0.4342458248138428,0.05764734745025635
0.43376925587654114,0.3450521230697632,0.44362565875053406,0.35503238439559937,0.4445878267288208,0.5009627342224121,0.3029843866825104,0.14996583759784698,0.389174222946167,0.017154738306999207
0.4457501471042633,0.3455975353717804,0.5361448526382446,0.4435006380081177,0.5952785015106201,0.62017422914505,0.30356311798095703,0.1384861022233963,0.44978055357933044,0.007968664169311523
0.47962474822998047,0.5010769963264465,0.4847967326641083,0.45067134499549866,0.441140741109848,0.487429141998291,0.381274551153183,0.12758128345012665,0.3807792365550995,0.032272178679704666
0.45404505729675293,0.39215120673179626,0.4181886315345764,0.4136541485786438,0.5737053155899048,0.6328659653663635,0.3256019055843353,0.13158345222473145,0.38714316487312317,0.011318869888782501
0.44070956110954285,0.2919481694698334,0.42480894923210144,0.4540919065475464,0.5959763526916504,0.5781816840171814,0.23860600590705872,0.1606782078742981,0.41622447967529297,0.00926714576780796
0.46839091181755066,0.37901774048805237,0.5467743277549744,0.5029737949371338,0.6510506272315979,0.6604384779930115,0.3255838453769684,0.1598115712404251,0.3957515358924866,0.0074759735725820065
0.42176762223243713,0.3292382061481476,0.4273695647716522,0.39339470863342285,0.6248312592506409,0.5631827116012573,0.2632378935813904,0.18612413108348846,0.3291502594947815,0.0119883231818676
0.417163223028183,0.3301906883716583,0.5052672624588013,0.4624822735786438,0.6138515472412109,0.5896658897399902,0.320844829082489,0.14343276619911194,0.4175701439380646,0.008063669316470623
0.4739563763141632,0.33829692006111145,0.5245957970619202,0.45086535811424255,0.6101827025413513,0.6410364508628845,0.34728702902793884,0.16282296180725098,0.3911629021167755,0.0076773930341005325
0.46222013235092163,0.43644431233406067,0.49135851860046387,0.3456540107727051,0.5970162153244019,0.5466241836547852,0.3490085303783417,0.1206304207444191,0.36602774262428284,0.011701988987624645
0.420910120010376,0.3584122955799103,0.43936213850975037,0.3692966103553772,0.4707637429237366,0.6156753897666931,0.20520378649234772,0.14263257384300232,0.43819501996040344,0.014755445532500744
0.4277501404285431,0.32263079285621643,0.4088984429836273,0.373918741941452,0.4635355770587921,0.5392905473709106,0.27452966570854187,0.11988431960344315,0.3586423099040985,0.015907922759652138
0.4179721772670746,0.3075900673866272,0.37837114930152893,0.32577061653137207,0.5865117311477661,0.5834619998931885,0.22137396037578583,0.13251788914203644,0.3701132535934448,0.01495333481580019
0.44995543360710144,0.3723480701446533,0.4183211624622345,0.458224892616272,0.5762887001037598,0.5815805792808533,0.3426600396633148,0.1481000781059265,0.35269656777381897,0.010945392772555351
0.5028942823410034,0.41937020421028137,0.3700072467327118,0.4057808220386505,0.44461461901664734,0.4281819760799408,0.4135702848434448,0.17614857852458954,0.37154510617256165,0.02572478912770748
0.46075502038002014,0.4768177568912506,0.3726021945476532,0.4820508062839508,0.5221616625785828,0.5856030583381653,0.40646466612815857,0.15313254296779633,0.47013893723487854,0.020051781088113785
0.389996200799942,0.3337832987308502,0.4294355809688568,0.32335272431373596,0.51569002866745,0.5064998865127563,0.20840011537075043,0.13938024640083313,0.4576326608657837,0.020252570509910583
0.4688517153263092,0.3657086491584778,0.4605974853038788,0.417425274848938,0.47276487946510315,0.5169557929039001,0.2485755980014801,0.12454458326101303,0.42493534088134766,0.01771305315196514
0.4180847704410553,0.36098620295524597,0.3166898190975189,0.2223285436630249,0.5875359773635864,0.5632967948913574,0.21756038069725037,0.11463809758424759,0.4206135869026184,0.02470800094306469
0.5104194283485413,0.3765331506729126,0.46229666471481323,0.41961073875427246,0.39860498905181885,0.3514731824398041,0.35974398255348206,0.16047850251197815,0.44112128019332886,0.08390576392412186
0.49166885018348694,0.4687626361846924,0.4598999619483948,0.3759511709213257,0.4626994729042053,0.4121805727481842,0.3506360352039337,0.18390385806560516,0.5075247287750244,0.060679882764816284
0.4178452789783478,0.4252695143222809,0.4526486396789551,0.5009194612503052,0.46543389558792114,0.5191947817802429,0.4038405418395996,0.18202359974384308,0.3914705812931061,0.025984695181250572
0.45078417658805847,0.3871513307094574,0.468643456697464,0.37991583347320557,0.5577179789543152,0.5448062419891357,0.2416328489780426,0.12660463154315948,0.3871571719646454,0.012270680628716946
0.4614637792110443,0.33073127269744873,0.5057845711708069,0.41976356506347656,0.6353962421417236,0.6584262251853943,0.2955470383167267,0.14937254786491394,0.4118666350841522,0.008958962745964527
0.4014359414577484,0.3022131025791168,0.4766181409358978,0.47834497690200806,0.6667834520339966,0.5928248167037964,0.23429033160209656,0.13255861401557922,0.41590559482574463,0.00839967466890812
0.43492603302001953,0.29290270805358887,0.4213905930519104,0.3721387982368469,0.6501912474632263,0.5674540996551514,0.3466835916042328,0.1348213404417038,0.4929805397987366,0.01658466085791588
0.41950926184654236,0.29921790957450867,0.5327115654945374,0.4107435941696167,0.5900806784629822,0.6351665258407593,0.2866167426109314,0.1259717494249344,0.4286774694919586,0.009569169022142887
0.43396052718162537,0.36537888646125793,0.5120124220848083,0.4361664354801178,0.5278357267379761,0.5701293349266052,0.3276507258415222,0.1347656548023224,0.3660581707954407,0.01039443351328373
0.4624505639076233,0.46435850858688354,0.4115109145641327,0.3689820468425751,0.483323335647583,0.5486934781074524,0.3227737247943878,0.13248862326145172,0.36627712845802307,0.023565709590911865
0.4774981737136841,0.4282965362071991,0.44712069630622864,0.4654982089996338,0.5775556564331055,0.6123943328857422,0.2869233191013336,0.1554371863603592,0.4907245934009552,0.022525614127516747
0.4763239026069641,0.3706332743167877,0.43656817078590393,0.39068475365638733,0.581142246723175,0.5894889235496521,0.3313852846622467,0.12436908483505249,0.43016311526298523,0.011796299368143082
0.43562114238739014,0.31031617522239685,0.3855847716331482,0.23779714107513428,0.5147375464439392,0.561617910861969,0.1563008725643158,0.13937075436115265,0.3393533229827881,0.01684502512216568
0.47923922538757324,0.45409783720970154,0.2874906063079834,0.46199512481689453,0.4801331162452698,0.5172600746154785,0.3626379072666168,0.1467251181602478,0.43216100335121155,0.027094291523098946
0.4430448114871979,0.4166131317615509,0.3411245346069336,0.37343689799308777,0.533483624458313,0.5722700357437134,0.27735814452171326,0.13845200836658478,0.36194366216659546,0.013944940641522408
0.4090016782283783,0.32748720049858093,0.4829810559749603,0.3116682171821594,0.6465831995010376,0.6318604946136475,0.317293256521225,0.14392299950122833,0.3935006856918335,0.006495358422398567
0.4536510109901428,0.2873508036136627,0.5217522382736206,0.40719059109687805,0.6456607580184937,0.642960786819458,0.34770339727401733,0.13759827613830566,0.4088342785835266,0.008849797770380974
0.4142402410507202,0.5661996603012085,0.2982810139656067,0.3906753957271576,0.44060489535331726,0.44524407386779785,0.3843229413032532,0.21944254636764526,0.42488351464271545,0.09855365753173828
0.46114522218704224,0.30141738057136536,0.41875913739204407,0.28225257992744446,0.6881715655326843,0.6774831414222717,0.2768807113170624,0.15968938171863556,0.37429243326187134,0.009866664186120033
0.4645047187805176,0.32463592290878296,0.5105229616165161,0.39016667008399963,0.7112999558448792,0.6674326658248901,0.2545112073421478,0.13125856220722198,0.422765851020813,0.00857346411794424
0.4537590444087982,0.24802272021770477,0.5017178058624268,0.40009239315986633,0.7007269263267517,0.7042452096939087,0.2985366880893707,0.14165237545967102,0.4641076326370239,0.0077678607776761055
0.39269936084747314,0.22666478157043457,0.39512473344802856,0.38587209582328796,0.6431694030761719,0.6201092004776001,0.24229733645915985,0.1540219783782959,0.4115830957889557,0.014734594151377678
0.40435791015625,0.4786882996559143,0.3263935148715973,0.4841766655445099,0.5047822594642639,0.5957540273666382,0.24607978761196136,0.20537571609020233,0.4075324237346649,0.041248053312301636
0.4138335883617401,0.29232683777809143,0.4151333272457123,0.3214820325374603,0.5020662546157837,0.5974559187889099,0.22069287300109863,0.19794782996177673,0.30506470799446106,0.012899976223707199
0.44719642400741577,0.29677242040634155,0.4360526502132416,0.32775795459747314,0.6468384265899658,0.6721515655517578,0.30726882815361023,0.16704992949962616,0.3155730962753296,0.008810018189251423
0.4524562358856201,0.3497489392757416,0.5171404480934143,0.34340760111808777,0.6884501576423645,0.7086028456687927,0.28958606719970703,0.1322382688522339,0.3900691270828247,0.00725738937035203
0.39862385392189026,0.3486669957637787,0.29528820514678955,0.20466923713684082,0.579826831817627,0.5534399747848511,0.1983463168144226,0.18981072306632996,0.5079828500747681,0.024866541847586632
0.4008523225784302,0.3249526023864746,0.3241688907146454,0.34852901101112366,0.5728152394294739,0.5394031405448914,0.24746361374855042,0.12663167715072632,0.3684607446193695,0.017361635342240334
0.46957847476005554,0.4042230546474457,0.3975902497768402,0.39900287985801697,0.62187659740448,0.6142162680625916,0.3505691587924957,0.19878865778446198,0.3887964189052582,0.022156452760100365
0.2561831474304199,0.43265578150749207,0.2189013510942459,0.24659422039985657,0.33735522627830505,0.25376954674720764,0.15909922122955322,0.14384479820728302,0.26660022139549255,0.15242008864879608
0.39481526613235474,0.419124573469162,0.4263107478618622,0.3039994239807129,0.6380288600921631,0.5731652975082397,0.21617938578128815,0.1276191920042038,0.4734618663787842,0.01661703549325466
0.3848520815372467,0.28420117497444153,0.5363813042640686,0.30545368790626526,0.6269903779029846,0.49770060181617737,0.27090829610824585,0.14079979062080383,0.43483808636665344,0.01833648420870304
0.4138390123844147,0.36295458674430847,0.44276902079582214,0.40978237986564636,0.6104102730751038,0.6981831192970276,0.2706265151500702,0.16857288777828217,0.4081583023071289,0.011107363738119602
0.4421178698539734,0.29614460468292236,0.5532989501953125,0.42058753967285156,0.6213085055351257,0.619406521320343,0.25579243898391724,0.13602383434772491,0.42647555470466614,0.0074422163888812065
0.43073517084121704,0.362289160490036,0.4579175114631653,0.30832648277282715,0.6392443776130676,0.6198802590370178,0.2036224901676178,0.13818234205245972,0.48063525557518005,0.012725774198770523
0.4128113389015198,0.480467826128006,0.24408628046512604,0.22698023915290833,0.48747530579566956,0.5198510885238647,0.2040138691663742,0.20197266340255737,0.4486580193042755,0.22725652158260345
0.43648409843444824,0.27140092849731445,0.5326687097549438,0.411415159702301,0.7215879559516907,0.6974692344665527,0.31376194953918457,0.1592102348804474,0.43441349267959595,0.007092454470694065
0.42737656831741333,0.33430638909339905,0.4809275269508362,0.2802300453186035,0.6609018445014954,0.6868088245391846,0.24247512221336365,0.13876837491989136,0.43499547243118286,0.008504368364810944
0.42918840050697327,0.3050236999988556,0.4891478419303894,0.35835981369018555,0.6854310631752014,0.6531848311424255,0.2906142771244049,0.14650176465511322,0.42903032898902893,0.007591316942125559
0.3856399953365326,0.28771066665649414,0.3824421763420105,0.2749314308166504,0.6347413063049316,0.49313536286354065,0.2717377543449402,0.12691418826580048,0.3503565192222595,0.012004081159830093
0.3902938961982727,0.36661383509635925,0.31010791659355164,0.3355203866958618,0.5685310363769531,0.42779430747032166,0.21612749993801117,0.19474047422409058,0.4224502444267273,0.06832393258810043
0.46242496371269226,0.28711262345314026,0.49401625990867615,0.35559001564979553,0.6287660598754883,0.721087634563446,0.2129727602005005,0.1695707142353058,0.4329351484775543,0.009245604276657104
0.44549885392189026,0.3258705139160156,0.512168288230896,0.41418060660362244,0.6740686893463135,0.6188744902610779,0.28485944867134094,0.15833140909671783,0.4762854278087616,0.0070760827511549
0.4657631516456604,0.3969348669052124,0.22402603924274445,0.18418173491954803,0.30612772703170776,0.527267575263977,0.3117015063762665,0.3036496341228485,0.4561103284358978,0.8665746450424194
0.4657631516456604,0.3969348669052124,0.22402603924274445,0.18418173491954803,0.30612772703170776,0.527267575263977,0.3117015063762665,0.3036496341228485,0.4561103284358978,0.8665746450424194
0.46484529972076416,0.34519797563552856,0.36795443296432495,0.22826795279979706,0.46632036566734314,0.4710312783718109,0.233036607503891,0.14527493715286255,0.4089466333389282,0.06845860183238983
0.433840811252594,0.3659653961658478,0.3848654329776764,0.4351847767829895,0.569875955581665,0.6190268397331238,0.3095223605632782,0.17644211649894714,0.35987716913223267,0.014483487233519554
0.42603468894958496,0.4249780476093292,0.24859008193016052,0.3880317807197571,0.47646722197532654,0.4802646338939667,0.31844058632850647,0.17046955227851868,0.3555726706981659,0.07626496255397797
0.4244045615196228,0.4012623429298401,0.39503613114356995,0.4046788513660431,0.5776990056037903,0.4604463577270508,0.19301457703113556,0.1371593475341797,0.4489646852016449,0.035356372594833374
0.48241251707077026,0.45004725456237793,0.2505498230457306,0.45746999979019165,0.4353163242340088,0.5216997861862183,0.21332433819770813,0.19388432800769806,0.5091826915740967,0.13774587213993073
0.478301078081131,0.41844043135643005,0.38600030541419983,0.3217288851737976,0.6872006058692932,0.6695231199264526,0.25546354055404663,0.23168794810771942,0.42451906204223633,0.0476536899805069
0.5153074264526367,0.4741377532482147,0.17049457132816315,0.28562188148498535,0.29235443472862244,0.45022639632225037,0.16231800615787506,0.33855220675468445,0.4237707555294037,0.7630980610847473
0.5126253962516785,0.44302505254745483,0.31886258721351624,0.3505834639072418,0.6806315779685974,0.6609892249107361,0.2358304113149643,0.15185649693012238,0.4188499450683594,0.02184424176812172
0.3924459218978882,0.3688831031322479,0.260250449180603,0.34945833683013916,0.528218686580658,0.36232060194015503,0.39195677638053894,0.15616746246814728,0.3527200222015381,0.058834418654441833
0.42903587222099304,0.4297698140144348,0.3988414704799652,0.4873550832271576,0.5436160564422607,0.4872135818004608,0.30680814385414124,0.13879582285881042,0.47819188237190247,0.05410807207226753
0.37963631749153137,0.3928917944431305,0.24203507602214813,0.41815218329429626,0.4589221179485321,0.3490775525569916,0.420881062746048,0.19963662326335907,0.48339778184890747,0.37318098545074463
0.3897925317287445,0.3815699517726898,0.35268276929855347,0.35354477167129517,0.5314100384712219,0.5441735982894897,0.3198859393596649,0.23177611827850342,0.3311307430267334,0.03944265842437744
0.37941810488700867,0.4914496839046478,0.25750741362571716,0.47965407371520996,0.5748414397239685,0.4725242555141449,0.36354443430900574,0.16131442785263062,0.4403688609600067,0.08224107325077057
0.4950941205024719,0.4823853075504303,0.3417936861515045,0.21613642573356628,0.684244692325592,0.662650465965271,0.2756035625934601,0.2646065354347229,0.5010073781013489,0.11431840062141418
0.39974281191825867,0.41989269852638245,0.45815765857696533,0.39122796058654785,0.595132052898407,0.5282127261161804,0.2723845839500427,0.12878604233264923,0.4363100230693817,0.013815788552165031
0.3905531167984009,0.34359535574913025,0.3436008393764496,0.6373382806777954,0.4440663158893585,0.5107519626617432,0.25681883096694946,0.18515139818191528,0.526729166507721,0.04467228427529335
0.40846750140190125,0.359201580286026,0.4638693928718567,0.48556941747665405,0.5460054874420166,0.6083152890205383,0.30758076906204224,0.15037062764167786,0.4179481565952301,0.015298126265406609
0.4023512303829193,0.42225536704063416,0.5084409713745117,0.42928463220596313,0.6724152565002441,0.6535970568656921,0.4419337213039398,0.15666905045509338,0.40667644143104553,0.010106225498020649
0.4313877820968628,0.3744891285896301,0.5104175806045532,0.3106682300567627,0.6347326040267944,0.677262544631958,0.18500418961048126,0.1268721967935562,0.4372981786727905,0.01084747165441513
0.3974829614162445,0.36801037192344666,0.6357656121253967,0.3837788701057434,0.6309335827827454,0.6283210515975952,0.3085547983646393,0.18841594457626343,0.40952837467193604,0.007788934279233217
0.42624735832214355,0.3955145478248596,0.2836245000362396,0.385352224111557,0.4554867148399353,0.38000696897506714,0.2880268394947052,0.24067096412181854,0.34718218445777893,0.06721719354391098
0.43767789006233215,0.39766430854797363,0.3520461320877075,0.26147156953811646,0.45538651943206787,0.5828930139541626,0.20782113075256348,0.21701863408088684,0.35539406538009644,0.030116580426692963
0.3824203908443451,0.34258532524108887,0.40442007780075073,0.26003342866897583,0.5429867506027222,0.43464186787605286,0.26362988352775574,0.21593201160430908,0.3321373462677002,0.024304768070578575
0.4781876802444458,0.4288145899772644,0.3062759339809418,0.2520773112773895,0.5402976870536804,0.6438491940498352,0.249376580119133,0.14301364123821259,0.3866592347621918,0.07135318219661713
0.410229355096817,0.4250708818435669,0.47528913617134094,0.41157564520835876,0.5284097194671631,0.4550437033176422,0.2974965572357178,0.1364225596189499,0.4055543541908264,0.02173631638288498
0.5351755619049072,0.6723109483718872,0.32515785098075867,0.5268832445144653,0.6074095368385315,0.63899165391922,0.2657555341720581,0.22662565112113953,0.5396553874015808,0.14637930691242218
0.28646573424339294,0.2862328886985779,0.3392402231693268,0.15102291107177734,0.4653286039829254,0.4200924038887024,0.18444222211837769,0.3328689634799957,0.31202009320259094,0.5856049656867981
0.40624645352363586,0.3318682610988617,0.4083269536495209,0.30767321586608887,0.48116421699523926,0.5387738943099976,0.25782445073127747,0.1781359165906906,0.2859218716621399,0.01792030781507492
0.3130272328853607,0.5283984541893005,0.40925493836402893,0.16146644949913025,0.33842068910598755,0.31428200006484985,0.20175424218177795,0.3938969373703003,0.289630264043808,0.788135826587677
0.45803380012512207,0.4090077877044678,0.48708751797676086,0.3892911374568939,0.5939483642578125,0.5121206641197205,0.2896178364753723,0.13522280752658844,0.4603356122970581,0.014435453340411186
0.401953786611557,0.41748008131980896,0.39867648482322693,0.3821171820163727,0.6423438787460327,0.5389146208763123,0.3378431499004364,0.20297421514987946,0.32850536704063416,0.017541520297527313
0.48541364073753357,0.48490607738494873,0.4040544927120209,0.47950029373168945,0.5683215260505676,0.5604155659675598,0.3393069803714752,0.18478147685527802,0.37218618392944336,0.030932461842894554
0.3989371359348297,0.29513952136039734,0.43939071893692017,0.4101508855819702,0.5610746741294861,0.494655579328537,0.28972065448760986,0.16190482676029205,0.41760632395744324,0.013454989530146122
0.45623257756233215,0.24572987854480743,0.5247448682785034,0.3831274211406708,0.6254128813743591,0.5963531732559204,0.20617182552814484,0.15497498214244843,0.389065146446228,0.011402648873627186
0.45003125071525574,0.425199955701828,0.5450189113616943,0.4357167184352875,0.703453540802002,0.6219658851623535,0.30776774883270264,0.18877668678760529,0.3968406021595001,0.008503141812980175
0.44116929173469543,0.6280356049537659,0.2659597396850586,0.3377402424812317,0.31082841753959656,0.4194830060005188,0.26928776502609253,0.28610605001449585,0.42325451970100403,0.36154091358184814
0.4934849143028259,0.5682690143585205,0.20320840179920197,0.4021420478820801,0.49574777483940125,0.5026439428329468,0.24643269181251526,0.23444858193397522,0.38613200187683105,0.1441124975681305
0.4301372468471527,0.3241952657699585,0.5763294696807861,0.4246000051498413,0.6812694072723389,0.6415396332740784,0.35653093457221985,0.17080678045749664,0.40794122219085693,0.006397162098437548
0.41709309816360474,0.359464555978775,0.2340296506881714,0.23357459902763367,0.21466447412967682,0.4563484191894531,0.3558740019798279,0.2637585997581482,0.43922945857048035,0.2491549849510193
0.46333047747612,0.33744558691978455,0.5183122754096985,0.3332269489765167,0.7066982984542847,0.6678861379623413,0.3347979187965393,0.17834287881851196,0.37723034620285034,0.008453242480754852
0.47229328751564026,0.31678399443626404,0.6036350131034851,0.3582482933998108,0.7385115623474121,0.6945086717605591,0.3615870177745819,0.16815415024757385,0.3819286823272705,0.007265174295753241
0.39314132928848267,0.40745970606803894,0.5099490284919739,0.43247610330581665,0.7092246413230896,0.5234084725379944,0.39583057165145874,0.16818389296531677,0.477416068315506,0.014446957036852837
0.34815171360969543,0.4980766475200653,0.4976959824562073,0.5156040787696838,0.5187506675720215,0.4762250483036041,0.3423393666744232,0.21671296656131744,0.46342357993125916,0.029803935438394547
0.5421549081802368,0.28945353627204895,0.4060331881046295,0.26451221108436584,0.717637300491333,0.6486881375312805,0.2609948515892029,0.13403111696243286,0.3338775634765625,0.013555854558944702
0.4317992329597473,0.43825316429138184,0.5222289562225342,0.35046979784965515,0.6089449524879456,0.5337027311325073,0.34686943888664246,0.141463041305542,0.375323086977005,0.011281848885118961
0.4559326767921448,0.34002968668937683,0.49807947874069214,0.4090968370437622,0.6825647354125977,0.6446924805641174,0.2966773808002472,0.1550241857767105,0.4628632962703705,0.006819286849349737
0.4912894070148468,0.2965848743915558,0.44909974932670593,0.31452691555023193,0.6936910152435303,0.6105282306671143,0.28777286410331726,0.12496539205312729,0.4694106876850128,0.013314131647348404
0.3711085021495819,0.6278467178344727,0.41370537877082825,0.38627228140830994,0.33058470487594604,0.3517983853816986,0.3337249755859375,0.518636167049408,0.47771531343460083,0.7192627191543579
0.495639443397522,0.36279186606407166,0.3999979794025421,0.2991766035556793,0.4328598976135254,0.5770891904830933,0.31003162264823914,0.2135641723871231,0.47836020588874817,0.20003239810466766
0.47397711873054504,0.26783087849617004,0.5248726010322571,0.24389462172985077,0.7263994216918945,0.6582425832748413,0.31473487615585327,0.132541224360466,0.36592400074005127,0.008317705243825912
0.4597487151622772,0.3157620429992676,0.46887141466140747,0.21732191741466522,0.785001814365387,0.666165828704834,0.2690819501876831,0.12821923196315765,0.35330265760421753,0.009619150310754776
0.3862335681915283,0.4984322786331177,0.5047401189804077,0.3250685930252075,0.632493257522583,0.49010151624679565,0.4045969545841217,0.17072509229183197,0.34656283259391785,0.01657959818840027
0.4471600353717804,0.39805808663368225,0.39749377965927124,0.3372083008289337,0.625812292098999,0.44107991456985474,0.31418928503990173,0.13206562399864197,0.42236629128456116,0.04304399713873863
0.3956155776977539,0.3530726432800293,0.48108237981796265,0.3892304301261902,0.6916889548301697,0.4980189800262451,0.37561333179473877,0.1700078845024109,0.39931800961494446,0.011328528635203838
0.47081103920936584,0.29009926319122314,0.4899328947067261,0.3698366582393646,0.688412606716156,0.6774406433105469,0.2933569848537445,0.15926791727542877,0.3465619683265686,0.0070296963676810265
0.46334901452064514,0.31881800293922424,0.5166690945625305,0.4039817750453949,0.675818920135498,0.6370181441307068,0.3176872134208679,0.14908504486083984,0.42678382992744446,0.007498367223888636
0.4155811369419098,0.27104026079177856,0.35305237770080566,0.21469992399215698,0.6528482437133789,0.5267854332923889,0.35293111205101013,0.15769895911216736,0.3488057851791382,0.010471160523593426
0.38542309403419495,0.5749769806861877,0.5419525504112244,0.4237064719200134,0.512222170829773,0.430221825838089,0.25312232971191406,0.26365792751312256,0.20764774084091187,0.038563601672649384
0.4830855131149292,0.46771514415740967,0.5177590250968933,0.4146793782711029,0.7506776452064514,0.669236421585083,0.3672357499599457,0.2146911919116974,0.386080801486969,0.009451888501644135
0.43921899795532227,0.4159279763698578,0.5471763014793396,0.4454928934574127,0.6691822409629822,0.6405481100082397,0.3547848165035248,0.19558103382587433,0.38513001799583435,0.00820192787796259
0.39297160506248474,0.64450603723526,0.4141300618648529,0.45202967524528503,0.604479968547821,0.42053601145744324,0.36437028646469116,0.3321838676929474,0.41132256388664246,0.10522854328155518
0.37911343574523926,0.49818700551986694,0.5046912431716919,0.42656049132347107,0.6253984570503235,0.4406108558177948,0.2999926209449768,0.181867778301239,0.4221789538860321,0.030219295993447304
0.455782413482666,0.32180070877075195,0.4810401201248169,0.3384414613246918,0.7248371243476868,0.6431674361228943,0.3715225160121918,0.15320053696632385,0.47365865111351013,0.014368445612490177
0.389274924993515,0.5283230543136597,0.4926113784313202,0.4244627356529236,0.4022437334060669,0.3247077465057373,0.3792644143104553,0.3057970404624939,0.4577091336250305,0.10685208439826965
0.4344600439071655,0.44571202993392944,0.23497167229652405,0.24373957514762878,0.6424211263656616,0.5368313193321228,0.1449633240699768,0.133363738656044,0.37687286734580994,0.0456952340900898
0.424530029296875,0.4294731318950653,0.5576117038726807,0.37006452679634094,0.6615608334541321,0.554655134677887,0.3505711555480957,0.1761683076620102,0.323234885931015,0.011749151162803173
0.43393000960350037,0.39503583312034607,0.5107887387275696,0.4034148156642914,0.7236040234565735,0.6399996876716614,0.19697026908397675,0.1408969610929489,0.397615522146225,0.013943091966211796
0.4666579067707062,0.4222053289413452,0.5095216631889343,0.39079397916793823,0.7426397204399109,0.695572018623352,0.2501373887062073,0.15695689618587494,0.4076114892959595,0.00898068305104971
0.4666579067707062,0.4222053289413452,0.5095216631889343,0.39079397916793823,0.7426397204399109,0.695572018623352,0.2501373887062073,0.15695689618587494,0.4076114892959595,0.00898068305104971
0.4666579067707062,0.4222053289413452,0.5095216631889343,0.39079397916793823,0.7426397204399109,0.695572018623352,0.2501373887062073,0.15695689618587494,0.4076114892959595,0.00898068305104971
0.4158225357532501,0.3164132237434387,0.5956742167472839,0.4000464975833893,0.6403046250343323,0.6322537064552307,0.2780206501483917,0.13556164503097534,0.4321174621582031,0.009895381517708302
0.4456027150154114,0.35214656591415405,0.5408374667167664,0.43686631321907043,0.6306566596031189,0.47918108105659485,0.3499050438404083,0.1882542222738266,0.47603678703308105,0.018602004274725914
0.27496281266212463,0.44559338688850403,0.4035663604736328,0.1761639267206192,0.4726013243198395,0.3066367208957672,0.24212110042572021,0.25566667318344116,0.30853191018104553,0.43457770347595215
0.40868836641311646,0.38547107577323914,0.4452027380466461,0.1961487978696823,0.5315057039260864,0.5882896780967712,0.2645821273326874,0.22131948173046112,0.3815133273601532,0.2005307525396347
0.37554287910461426,0.4209745228290558,0.49144938588142395,0.29276108741760254,0.6320111155509949,0.5595406889915466,0.26837727427482605,0.13218574225902557,0.4065588116645813,0.013483362272381783
0.3724716007709503,0.3547353148460388,0.47760042548179626,0.48922237753868103,0.5794646143913269,0.5559528470039368,0.30405765771865845,0.12316356599330902,0.3477652966976166,0.010781689547002316
0.4017406702041626,0.3339720070362091,0.3425808250904083,0.444696307182312,0.509430468082428,0.4585385322570801,0.25707656145095825,0.12403246015310287,0.4654048979282379,0.03222627937793732
0.3970549404621124,0.3435237407684326,0.31252521276474,0.37373214960098267,0.5135701894760132,0.48203232884407043,0.2230355590581894,0.13156181573867798,0.511617124080658,0.04980101436376572
0.38672059774398804,0.2938823699951172,0.4795169532299042,0.3811875879764557,0.6546144485473633,0.5911527872085571,0.2682889401912689,0.14486268162727356,0.3328177034854889,0.0094028040766716
0.4375896155834198,0.4378347396850586,0.46074995398521423,0.4430072009563446,0.5630417466163635,0.6307886838912964,0.378404438495636,0.16325561702251434,0.3772885203361511,0.012315492145717144
0.4949111342430115,0.3769226670265198,0.4145837724208832,0.2634635865688324,0.673760175704956,0.6536816954612732,0.26342540979385376,0.1166752278804779,0.45114457607269287,0.017832845449447632
0.41228705644607544,0.3789117932319641,0.43923327326774597,0.38652747869491577,0.5307188630104065,0.5300976634025574,0.28475674986839294,0.11996371299028397,0.41602814197540283,0.01150538306683302
0.45263180136680603,0.3012666404247284,0.5001632571220398,0.4366573989391327,0.6603459119796753,0.6746899485588074,0.2764943838119507,0.15489491820335388,0.4060003161430359,0.006592718884348869
0.43200749158859253,0.30720287561416626,0.40081289410591125,0.30687710642814636,0.6035205721855164,0.5703275203704834,0.3074660301208496,0.11308854073286057,0.43714821338653564,0.010803691111505032
0.4359058141708374,0.3244049847126007,0.5044602751731873,0.3555056154727936,0.6074439287185669,0.5857553482055664,0.31227993965148926,0.14223508536815643,0.3796234428882599,0.007836798205971718
0.4245140254497528,0.3231964707374573,0.507358968257904,0.4118841290473938,0.7398619651794434,0.567723274230957,0.36707794666290283,0.13476534187793732,0.4328404664993286,0.013700337149202824
0.4640251696109772,0.2904203236103058,0.4384906589984894,0.5602392554283142,0.6375330090522766,0.5513453483581543,0.3533342480659485,0.13843798637390137,0.4609163701534271,0.02289716899394989
0.41442492604255676,0.4216403663158417,0.4816138446331024,0.5306717157363892,0.5930141806602478,0.587650716304779,0.3494742214679718,0.19269156455993652,0.3859075605869293,0.011542628519237041
0.43215176463127136,0.3833223283290863,0.48885464668273926,0.3922312259674072,0.5726026892662048,0.4296530783176422,0.3876174986362457,0.15553589165210724,0.3647855818271637,0.020036697387695312
0.43969544768333435,0.3703218698501587,0.3906504213809967,0.3652723431587219,0.6388270854949951,0.5916080474853516,0.25149065256118774,0.18576091527938843,0.44173696637153625,0.04206014797091484
0.4468485414981842,0.2423984408378601,0.1957269310951233,0.40078333020210266,0.45221006870269775,0.45864513516426086,0.18548022210597992,0.1431698054075241,0.5762217044830322,0.12342963367700577
0.4657631516456604,0.3969348669052124,0.22402603924274445,0.18418173491954803,0.30612772703170776,0.527267575263977,0.3117015063762665,0.3036496341228485,0.4561103284358978,0.8665746450424194
0.4510369300842285,0.312227725982666,0.2973523437976837,0.21873576939105988,0.7015178799629211,0.6400293707847595,0.2606799900531769,0.17702680826187134,0.39168432354927063,0.01150856725871563
0.4794502854347229,0.3450968563556671,0.4587387442588806,0.43421539664268494,0.619652509689331,0.6374509930610657,0.2612512409687042,0.180511474609375,0.38861164450645447,0.009668567217886448
0.45856836438179016,0.3501799702644348,0.5213632583618164,0.42607980966567993,0.626433253288269,0.6502109169960022,0.325845867395401,0.16403654217720032,0.4033352732658386,0.007151505444198847
0.40247681736946106,0.451476514339447,0.40147528052330017,0.3762660622596741,0.5762171745300293,0.5195651054382324,0.3589276373386383,0.11757653206586838,0.33759239315986633,0.010656527243554592
0.4562770426273346,0.47425612807273865,0.4316035509109497,0.33466511964797974,0.7245296835899353,0.5953383445739746,0.3091198205947876,0.1537528932094574,0.4283342957496643,0.010890791192650795
0.44045186042785645,0.32347509264945984,0.41860178112983704,0.38285866379737854,0.679831326007843,0.5309520959854126,0.2856943607330322,0.1322069764137268,0.402303546667099,0.009289703331887722
0.42429211735725403,0.3226589858531952,0.506700873374939,0.26620346307754517,0.6697595715522766,0.5351479649543762,0.3207085430622101,0.15274778008460999,0.319172203540802,0.01104993000626564
0.4436165988445282,0.2768135368824005,0.5244893431663513,0.4608907699584961,0.6676285862922668,0.614230215549469,0.24998149275779724,0.1598362922668457,0.42297959327697754,0.00885202270001173
0.36505791544914246,0.36720988154411316,0.5415570139884949,0.3381606638431549,0.5490816235542297,0.5863407254219055,0.2705650329589844,0.21806786954402924,0.2912842929363251,0.013509138487279415
0.41912955045700073,0.2697497308254242,0.4918783903121948,0.37793275713920593,0.548426628112793,0.4237838089466095,0.24623359739780426,0.12093989551067352,0.3958706259727478,0.019322548061609268
0.4360008239746094,0.34579145908355713,0.5429744720458984,0.37983420491218567,0.6513267755508423,0.6224880814552307,0.20515857636928558,0.14688728749752045,0.38189607858657837,0.008362213149666786
0.3709569573402405,0.35989734530448914,0.4445223808288574,0.421785831451416,0.575659453868866,0.5083743929862976,0.26501357555389404,0.17303472757339478,0.3123103976249695,0.013044348917901516
0.37372586131095886,0.420129656791687,0.4492894113063812,0.35565185546875,0.471750944852829,0.4627651870250702,0.2918412685394287,0.18682512640953064,0.2914932072162628,0.016567442566156387
0.291044682264328,0.6062959432601929,0.24222023785114288,0.2710876762866974,0.25825759768486023,0.22660775482654572,0.30652081966400146,0.3251985013484955,0.3203364610671997,0.4748217463493347
0.45132121443748474,0.4194040894508362,0.41602057218551636,0.4124155640602112,0.6617892384529114,0.6001270413398743,0.2740864157676697,0.1429840326309204,0.3780714273452759,0.013167276978492737
0.4512656629085541,0.41035792231559753,0.4818170666694641,0.3974592387676239,0.5365027189254761,0.6377373337745667,0.34035971760749817,0.13924480974674225,0.38176095485687256,0.012803397141397
0.3461696207523346,0.39524003863334656,0.3261331617832184,0.3185253441333771,0.434320330619812,0.4157693088054657,0.24445341527462006,0.13930872082710266,0.46247097849845886,0.12160521000623703
0.44937822222709656,0.2972859740257263,0.4682185649871826,0.23358581960201263,0.7582942247390747,0.6345284581184387,0.18005535006523132,0.14995068311691284,0.39533019065856934,0.013165592215955257
0.391309916973114,0.37211501598358154,0.37665995955467224,0.36138176918029785,0.5066424608230591,0.38851627707481384,0.2524820864200592,0.14598578214645386,0.30678898096084595,0.018199803307652473
0.44917669892311096,0.37602201104164124,0.5180590748786926,0.43125203251838684,0.6049039363861084,0.5759152173995972,0.26277536153793335,0.12394300103187561,0.41827070713043213,0.010815978981554508
0.40864071249961853,0.32746192812919617,0.42266398668289185,0.31010013818740845,0.6656356453895569,0.5566635727882385,0.24245896935462952,0.10452889651060104,0.3339492082595825,0.011906340718269348
0.4091503918170929,0.36364391446113586,0.3542349636554718,0.287875235080719,0.5791149735450745,0.5358983874320984,0.24153082072734833,0.12836220860481262,0.38793912529945374,0.02482430450618267
0.4361090362071991,0.3605913519859314,0.43709853291511536,0.3607797622680664,0.6329583525657654,0.633136510848999,0.20486272871494293,0.1442754715681076,0.3938632905483246,0.009998304769396782
0.42595046758651733,0.38251468539237976,0.5039726495742798,0.42369377613067627,0.6118016242980957,0.5933887362480164,0.25166967511177063,0.128636434674263,0.3829486072063446,0.008237472735345364
0.42731261253356934,0.3833051323890686,0.5541434288024902,0.3591248393058777,0.6548266410827637,0.5955156087875366,0.31746768951416016,0.1367293894290924,0.438021183013916,0.010005632415413857
0.4069279730319977,0.39331430196762085,0.41167086362838745,0.5101721882820129,0.5701189637184143,0.5333753824234009,0.21103394031524658,0.1727380007505417,0.3860291540622711,0.014901352114975452
0.38772761821746826,0.39644622802734375,0.2936544418334961,0.4239881634712219,0.34734514355659485,0.4092283546924591,0.16037558019161224,0.16104204952716827,0.27378126978874207,0.06670448929071426
0.36605146527290344,0.4645806849002838,0.27041491866111755,0.19910112023353577,0.4073508083820343,0.384040504693985,0.2751074731349945,0.2519944906234741,0.4049288332462311,0.3053358793258667
0.40650030970573425,0.3387552797794342,0.46717387437820435,0.3135654926300049,0.6689208745956421,0.5830362439155579,0.22881865501403809,0.13513635098934174,0.35696592926979065,0.008244429714977741
0.40716278553009033,0.28708919882774353,0.4227895140647888,0.3453415632247925,0.5911544561386108,0.5903899073600769,0.23766282200813293,0.14918528497219086,0.31274959444999695,0.010942214168608189
0.41223230957984924,0.32462066411972046,0.39104163646698,0.339280366897583,0.5273363590240479,0.5080110430717468,0.24754764139652252,0.11460026353597641,0.33585476875305176,0.012999928556382656
0.41709500551223755,0.2789033055305481,0.49471911787986755,0.3194667398929596,0.6380684971809387,0.6095439791679382,0.24435770511627197,0.13643212616443634,0.41844743490219116,0.006871160585433245
0.3870822489261627,0.4019634425640106,0.34897732734680176,0.15207140147686005,0.4215455949306488,0.41018015146255493,0.23976759612560272,0.181854248046875,0.3115402162075043,0.4441503584384918
0.42560091614723206,0.29044613242149353,0.5355286002159119,0.3263815939426422,0.6588263511657715,0.6446090340614319,0.2535390257835388,0.13665707409381866,0.3957749307155609,0.0071644908748567104
0.4740370213985443,0.36163023114204407,0.4228389263153076,0.3657959997653961,0.6597741842269897,0.6878248453140259,0.30896180868148804,0.15024340152740479,0.44049108028411865,0.014948369935154915
0.5024871826171875,0.34523895382881165,0.38915959000587463,0.3381648659706116,0.6100152730941772,0.6231189370155334,0.3005448877811432,0.1483897566795349,0.3992273807525635,0.026600342243909836
0.4867510199546814,0.322280615568161,0.4473611116409302,0.3392564356327057,0.6562098860740662,0.68067866563797,0.3192010819911957,0.15309228003025055,0.43219733238220215,0.009505810216069221
0.5054702758789062,0.26979511976242065,0.3257189095020294,0.28083014488220215,0.6107456684112549,0.6071867346763611,0.33002969622612,0.15518754720687866,0.37995901703834534,0.016621587797999382
0.4650198221206665,0.4500317871570587,0.5707142353057861,0.41607388854026794,0.7596791982650757,0.6628642678260803,0.3540281653404236,0.16236622631549835,0.34060269594192505,0.012400363571941853
0.4253244698047638,0.4416990876197815,0.6812582612037659,0.5602706670761108,0.6686694025993347,0.6670423150062561,0.41647955775260925,0.1901717334985733,0.4125499427318573,0.00807790458202362
0.46619102358818054,0.32292866706848145,0.5243311524391174,0.3380628824234009,0.6984477639198303,0.6513755321502686,0.2785888910293579,0.1569003015756607,0.3836776316165924,0.007186105474829674
0.4589741826057434,0.34079310297966003,0.5419022440910339,0.3312609791755676,0.5392481684684753,0.6400051116943359,0.2996039390563965,0.17578208446502686,0.34454798698425293,0.011413823813199997
0.4884204864501953,0.3982565104961395,0.5635988116264343,0.48853009939193726,0.7821416854858398,0.7081013917922974,0.3907105028629303,0.18137086927890778,0.34294217824935913,0.01724180020391941
0.495839387178421,0.3342437744140625,0.5850610733032227,0.39566895365715027,0.6328508257865906,0.6649934649467468,0.392923504114151,0.16698406636714935,0.3954659402370453,0.010933449491858482
0.4127802848815918,0.3882092237472534,0.6198140382766724,0.4055725336074829,0.6423032283782959,0.705386757850647,0.38142305612564087,0.18488618731498718,0.3722120225429535,0.007727270945906639
0.4796755313873291,0.38906794786453247,0.3777308762073517,0.42770612239837646,0.5760003924369812,0.6146070957183838,0.306081086397171,0.15297068655490875,0.42704182863235474,0.022785717621445656
0.4245898425579071,0.4035263657569885,0.2920260727405548,0.38673847913742065,0.4344082772731781,0.4591330587863922,0.3467804491519928,0.20147569477558136,0.44136932492256165,0.1414775550365448
0.4755961298942566,0.35994184017181396,0.46210378408432007,0.5196360349655151,0.6065072417259216,0.6342945098876953,0.3273804783821106,0.16578379273414612,0.36665835976600647,0.009588037617504597
0.43353256583213806,0.3025917708873749,0.4367052912712097,0.43063220381736755,0.6577555537223816,0.6466096639633179,0.2779170274734497,0.14064283668994904,0.3534775674343109,0.009921493008732796
0.4232907295227051,0.30434027314186096,0.42410412430763245,0.3479088544845581,0.6195545196533203,0.5860734581947327,0.276928573846817,0.13008196651935577,0.3872259259223938,0.011972797103226185
0.43506696820259094,0.31897154450416565,0.4212241470813751,0.40953391790390015,0.6661449074745178,0.6268457174301147,0.2799910306930542,0.15623866021633148,0.39786553382873535,0.008242987096309662
0.41952812671661377,0.30216220021247864,0.45543912053108215,0.42074263095855713,0.6395113468170166,0.6159999966621399,0.2713007926940918,0.17538829147815704,0.36239880323410034,0.011158025823533535
0.3952769935131073,0.36142730712890625,0.450553297996521,0.3725868761539459,0.6455379724502563,0.5802885293960571,0.24433772265911102,0.1339576542377472,0.3375796973705292,0.010548712685704231
0.319964736700058,0.4164697229862213,0.2672508656978607,0.14458194375038147,0.32552197575569153,0.3980150520801544,0.22941328585147858,0.32853826880455017,0.3733379542827606,0.8083091378211975
0.4298979341983795,0.32946574687957764,0.5506253242492676,0.4520697295665741,0.6267185807228088,0.5787973999977112,0.2791942358016968,0.1365216076374054,0.40211722254753113,0.01038177777081728
0.41069257259368896,0.39472609758377075,0.3030877709388733,0.31037241220474243,0.4252169132232666,0.39442959427833557,0.2791128158569336,0.19719906151294708,0.30173709988594055,0.07289633899927139
0.43437859416007996,0.28634902834892273,0.42515504360198975,0.3160247802734375,0.5398521423339844,0.4810587465763092,0.2561156153678894,0.16946810483932495,0.3631899952888489,0.015018556267023087
0.4481186270713806,0.3306849002838135,0.49434101581573486,0.4558708965778351,0.5874841213226318,0.6200595498085022,0.27620023488998413,0.17986243963241577,0.40376341342926025,0.013284897431731224
0.41515421867370605,0.3597748279571533,0.4502955377101898,0.4109044373035431,0.6050799489021301,0.6448167562484741,0.25445225834846497,0.13985490798950195,0.4320848286151886,0.008638022467494011
0.41159236431121826,0.3302842080593109,0.42650535702705383,0.2970937490463257,0.6253830194473267,0.5775622725486755,0.2603951692581177,0.1613847017288208,0.34143972396850586,0.008342908695340157
0.4498944878578186,0.2899324893951416,0.4439678192138672,0.47077223658561707,0.6299665570259094,0.6032456755638123,0.2695377469062805,0.1426585614681244,0.4238620102405548,0.008731403388082981
0.45779022574424744,0.3232913911342621,0.42938074469566345,0.32546764612197876,0.699256420135498,0.7089717388153076,0.2451227754354477,0.12801717221736908,0.3927299678325653,0.008857311680912971
0.40019577741622925,0.29264459013938904,0.41902026534080505,0.26922187209129333,0.5659502148628235,0.5073026418685913,0.2717377245426178,0.15490221977233887,0.3255387544631958,0.008527961559593678
0.38646042346954346,0.4404004216194153,0.4705324172973633,0.4231262803077698,0.5548667907714844,0.6327620148658752,0.28806647658348083,0.17885102331638336,0.3852567672729492,0.011907984502613544
0.4015299081802368,0.40874961018562317,0.3231343626976013,0.20329566299915314,0.6390499472618103,0.5392511487007141,0.3555260896682739,0.19037263095378876,0.5121860504150391,0.030996277928352356
0.3974193334579468,0.3774769604206085,0.4990728199481964,0.40565046668052673,0.48654043674468994,0.5477519631385803,0.28507670760154724,0.14971578121185303,0.32662442326545715,0.0139236468821764
0.4253535866737366,0.3238160014152527,0.506790280342102,0.4877443015575409,0.5466899275779724,0.6385892629623413,0.2971108853816986,0.1743883341550827,0.4224948585033417,0.013051662594079971
0.40523412823677063,0.27961036562919617,0.490928053855896,0.3427749276161194,0.6370577216148376,0.5754817128181458,0.2467034012079239,0.1517297327518463,0.40395602583885193,0.01145450584590435
0.3915746510028839,0.295111745595932,0.47348636388778687,0.4437178671360016,0.6137548685073853,0.5704668164253235,0.2589922845363617,0.1384286880493164,0.3917376399040222,0.008968011476099491
0.4341483414173126,0.30306562781333923,0.49561187624931335,0.517126202583313,0.5780162215232849,0.6375135779380798,0.3466901183128357,0.1702824980020523,0.4099059998989105,0.010787955485284328
0.4475533664226532,0.39148229360580444,0.45914509892463684,0.46426811814308167,0.4442555010318756,0.5881467461585999,0.24457195401191711,0.16785360872745514,0.3990485668182373,0.022377749904990196
0.4092170000076294,0.367836594581604,0.4341646730899811,0.4230605661869049,0.46450984477996826,0.5223559737205505,0.3627498745918274,0.16916096210479736,0.31144604086875916,0.016758784651756287
0.4047538638114929,0.36671775579452515,0.5222169160842896,0.4720788300037384,0.5439969897270203,0.5017685294151306,0.2920446991920471,0.18182680010795593,0.37221038341522217,0.014912400394678116
0.3650519549846649,0.36960193514823914,0.45568716526031494,0.5088073015213013,0.47889217734336853,0.4724108874797821,0.2644795775413513,0.12840834259986877,0.4318629205226898,0.022067943587899208
0.40704745054244995,0.36722150444984436,0.46475139260292053,0.4042670428752899,0.6126912236213684,0.6359926462173462,0.32293182611465454,0.152845099568367,0.4175345003604889,0.007332743611186743
0.40977969765663147,0.4493325352668762,0.45886269211769104,0.3787178099155426,0.5567368268966675,0.4576229453086853,0.35244742035865784,0.15830758213996887,0.4214838743209839,0.00870105903595686
0.41342636942863464,0.34320539236068726,0.530518114566803,0.3514981269836426,0.6550912857055664,0.61728435754776,0.31817111372947693,0.18364261090755463,0.350586861371994,0.006383894477039576
0.37102553248405457,0.3975468873977661,0.24497024714946747,0.3091762661933899,0.4093689024448395,0.5398660898208618,0.21620596945285797,0.21139174699783325,0.3912195563316345,0.035302646458148956
0.4215477406978607,0.3004550635814667,0.38401541113853455,0.3764907121658325,0.6109323501586914,0.5959023237228394,0.27591630816459656,0.14222168922424316,0.3676314949989319,0.007874509319663048
0.42887625098228455,0.30723893642425537,0.4373733103275299,0.29336005449295044,0.6066005229949951,0.5405164361000061,0.30009153485298157,0.1600915938615799,0.30566346645355225,0.01264110952615738
0.4180814325809479,0.25728321075439453,0.5235912203788757,0.4560237228870392,0.5985639691352844,0.592302680015564,0.28161659836769104,0.14304469525814056,0.34977713227272034,0.00890077743679285
0.3698807656764984,0.3135124444961548,0.4055047333240509,0.2718791663646698,0.5853980779647827,0.542102575302124,0.23804190754890442,0.14308977127075195,0.3821558952331543,0.009078335016965866
0.3178528845310211,0.37681612372398376,0.49104687571525574,0.39657267928123474,0.538866400718689,0.4041840434074402,0.2984289824962616,0.1677921712398529,0.3357480764389038,0.013821338303387165
0.36008182168006897,0.34108442068099976,0.4305780827999115,0.22847731411457062,0.5662416815757751,0.5282860398292542,0.23358657956123352,0.14845331013202667,0.3624463379383087,0.01304554007947445
0.4385354518890381,0.31190815567970276,0.45811545848846436,0.3624708950519562,0.6698462963104248,0.6493780016899109,0.2749013304710388,0.13461783528327942,0.38778576254844666,0.007659359835088253
0.4459190368652344,0.3149770498275757,0.42421913146972656,0.39518362283706665,0.6744581460952759,0.641359806060791,0.27549460530281067,0.14531107246875763,0.3951481580734253,0.010077092796564102
0.4468502700328827,0.3105729818344116,0.5207613706588745,0.33319637179374695,0.669494092464447,0.6136800050735474,0.3086008131504059,0.1332671046257019,0.31987011432647705,0.00830899365246296
0.4172284007072449,0.28522810339927673,0.3764006495475769,0.2668873965740204,0.539400577545166,0.5175393223762512,0.21868881583213806,0.11890505999326706,0.36802011728286743,0.011094905436038971
0.41493281722068787,0.29821640253067017,0.3898342251777649,0.39370617270469666,0.598483681678772,0.5433387756347656,0.22728115320205688,0.1741214096546173,0.3425486385822296,0.01121377944946289
0.3988959789276123,0.294120192527771,0.5557424426078796,0.42056334018707275,0.5435662269592285,0.6309024691581726,0.3230211138725281,0.20102621614933014,0.374647855758667,0.01361018605530262
0.42137032747268677,0.31142476201057434,0.5082165002822876,0.3952327370643616,0.6298792958259583,0.6572730541229248,0.31632348895072937,0.14178374409675598,0.40868234634399414,0.006754369009286165
0.4536598026752472,0.32338234782218933,0.47122734785079956,0.4542219936847687,0.596110463142395,0.6211148500442505,0.26861372590065,0.1612958461046219,0.413772314786911,0.008792638778686523
0.43634212017059326,0.25245681405067444,0.46680542826652527,0.21808063983917236,0.731806218624115,0.625947117805481,0.238911435008049,0.14082473516464233,0.35843467712402344,0.008772621862590313
0.4400596022605896,0.3383009135723114,0.4546014666557312,0.4144972562789917,0.6248767375946045,0.5276210904121399,0.2151971161365509,0.1378217339515686,0.40235596895217896,0.015024293214082718
0.36653435230255127,0.4119684398174286,0.3489571809768677,0.33275264501571655,0.4836599826812744,0.3775354325771332,0.20712825655937195,0.12860150635242462,0.30373263359069824,0.03402969613671303
0.43204519152641296,0.3045355975627899,0.4549529254436493,0.38742750883102417,0.6399869918823242,0.5913227200508118,0.26629236340522766,0.1609608680009842,0.36595338582992554,0.008534952066838741
0.45847630500793457,0.2774885892868042,0.4599508047103882,0.430197536945343,0.6257456541061401,0.6305512189865112,0.28934165835380554,0.15519309043884277,0.3810063302516937,0.007237349636852741
0.4396815299987793,0.32433903217315674,0.5267660617828369,0.4821157455444336,0.6277949213981628,0.621922492980957,0.25169748067855835,0.15676330029964447,0.43629494309425354,0.00874968059360981
0.3534889221191406,0.28469398617744446,0.31922465562820435,0.17019115388393402,0.5531277060508728,0.40984439849853516,0.2122911959886551,0.1426946222782135,0.24364538490772247,0.034482020884752274
0.42531004548072815,0.41994810104370117,0.2251712530851364,0.1287994235754013,0.34622493386268616,0.3881837725639343,0.2534264326095581,0.2335493117570877,0.2725035548210144,0.5178448557853699
0.4060152471065521,0.31577742099761963,0.3337646722793579,0.42455267906188965,0.5219749212265015,0.5308697819709778,0.3468187153339386,0.1824093759059906,0.38647761940956116,0.016885394230484962
0.2687065899372101,0.4983157515525818,0.2977604568004608,0.16084301471710205,0.2617042064666748,0.3242484927177429,0.3128446936607361,0.33448198437690735,0.3670059144496918,0.8289951682090759
0.3092922568321228,0.4632485806941986,0.29294320940971375,0.19703252613544464,0.30296581983566284,0.302587628364563,0.2854720950126648,0.4008864760398865,0.38856241106987,0.9010679125785828
0.42808154225349426,0.35647454857826233,0.27255263924598694,0.31671541929244995,0.49985232949256897,0.5514402985572815,0.2355816662311554,0.13211551308631897,0.321450412273407,0.01673620380461216
0.47810986638069153,0.40396949648857117,0.34558558464050293,0.4388146698474884,0.6393781900405884,0.6858339905738831,0.3466644585132599,0.1592884063720703,0.32253527641296387,0.013327167369425297
0.3559640049934387,0.3194972574710846,0.354850172996521,0.40709349513053894,0.48116087913513184,0.48206108808517456,0.39142411947250366,0.14129821956157684,0.35907772183418274,0.016708165407180786
0.4429950416088104,0.3105488419532776,0.4114270806312561,0.3762606382369995,0.5910954475402832,0.6137663125991821,0.30489087104797363,0.17100727558135986,0.3097945749759674,0.01205538585782051
0.41952094435691833,0.3533420264720917,0.4575819969177246,0.43308502435684204,0.6105521321296692,0.6425337195396423,0.24938316643238068,0.14318589866161346,0.36263319849967957,0.008597666397690773
0.4134920835494995,0.3462069034576416,0.3312963843345642,0.39989322423934937,0.5335628390312195,0.63898766040802,0.3459000289440155,0.16244015097618103,0.34367498755455017,0.020609373226761818
0.4150068461894989,0.2773650288581848,0.35683438181877136,0.34509968757629395,0.5984630584716797,0.5795589685440063,0.2267145812511444,0.14536598324775696,0.3719974756240845,0.009475079365074635
0.3871455788612366,0.3204330503940582,0.37269818782806396,0.36685892939567566,0.563260018825531,0.56732577085495,0.26710209250450134,0.17845122516155243,0.35277360677719116,0.013684115372598171
0.3536714017391205,0.2870561182498932,0.3647145926952362,0.2834011912345886,0.5404489636421204,0.40223968029022217,0.1929308921098709,0.1584932506084442,0.3189733028411865,0.01719982549548149
0.45811930298805237,0.3617675006389618,0.4238656163215637,0.34219709038734436,0.5863326787948608,0.6813159584999084,0.2293241322040558,0.19220098853111267,0.3677513003349304,0.01382452342659235
0.474542498588562,0.29450419545173645,0.5049974322319031,0.3606586456298828,0.6583908796310425,0.6207203269004822,0.2653447985649109,0.1458694487810135,0.35118719935417175,0.010029381141066551
0.43443360924720764,0.2976197600364685,0.42768043279647827,0.3495764434337616,0.6370331048965454,0.587946891784668,0.27312248945236206,0.16090500354766846,0.30188581347465515,0.010107104666531086
0.38798198103904724,0.2790931463241577,0.4280887544155121,0.28660041093826294,0.5679466128349304,0.572180449962616,0.23707957565784454,0.14154891669750214,0.35300061106681824,0.009514819830656052
0.40260210633277893,0.35682934522628784,0.45596611499786377,0.4097636640071869,0.5543848872184753,0.5971882939338684,0.26382508873939514,0.12497100234031677,0.32661086320877075,0.01142152026295662
0.3899868130683899,0.34075823426246643,0.4119008481502533,0.3694562017917633,0.5360575914382935,0.5281965136528015,0.2550826966762543,0.11609780043363571,0.3526170253753662,0.009253401309251785
0.4020250737667084,0.31810909509658813,0.5155411958694458,0.4957674741744995,0.4886367619037628,0.5925796627998352,0.2838812470436096,0.18424230813980103,0.4110051095485687,0.014156092889606953
0.4104113280773163,0.37001362442970276,0.3028154671192169,0.226291686296463,0.5919076204299927,0.6005195379257202,0.19478733837604523,0.14023111760616302,0.3658488392829895,0.019993223249912262
0.38990989327430725,0.38443616032600403,0.40382814407348633,0.5335594415664673,0.4998624920845032,0.3986203074455261,0.3951222002506256,0.1649155616760254,0.4120444655418396,0.027405906468629837
0.34466108679771423,0.2912336587905884,0.4463004767894745,0.4234723746776581,0.4424166977405548,0.5322266817092896,0.26720529794692993,0.13315275311470032,0.38742032647132874,0.01787050999701023
0.3820486068725586,0.3582151532173157,0.325949490070343,0.3562275469303131,0.5136295557022095,0.5906214118003845,0.26790544390678406,0.1439891904592514,0.42598119378089905,0.021593086421489716
0.49149519205093384,0.3936670124530792,0.4066051244735718,0.26100823283195496,0.5451273918151855,0.6200377345085144,0.29463207721710205,0.15063604712486267,0.37757325172424316,0.02146495133638382
0.44695234298706055,0.3634638488292694,0.3517760932445526,0.2712348699569702,0.5253428816795349,0.6565454602241516,0.3170699179172516,0.12939319014549255,0.4612908959388733,0.019293826073408127
0.4498978555202484,0.35142695903778076,0.35645395517349243,0.3718550205230713,0.6277213096618652,0.5928453803062439,0.2555167078971863,0.13778945803642273,0.4464089572429657,0.00928217452019453
0.470386803150177,0.4088893532752991,0.41727137565612793,0.38951376080513,0.5722426772117615,0.49351850152015686,0.26388707756996155,0.11847103387117386,0.355346143245697,0.016859784722328186
0.4281235635280609,0.31996801495552063,0.4216754734516144,0.3918567895889282,0.6087407469749451,0.4862552285194397,0.23968657851219177,0.13509996235370636,0.3854723572731018,0.011127136647701263
0.4731835424900055,0.35043931007385254,0.40623903274536133,0.2775515913963318,0.5788469910621643,0.6081368923187256,0.3175848126411438,0.16212670505046844,0.454010933637619,0.017930209636688232
0.4757947623729706,0.4682435989379883,0.3970000445842743,0.41222772002220154,0.511096179485321,0.6086387634277344,0.33598190546035767,0.1608530730009079,0.41812893748283386,0.022496622055768967
0.47525474429130554,0.34326794743537903,0.4433467984199524,0.407929003238678,0.5877479314804077,0.5624843835830688,0.32977616786956787,0.17989367246627808,0.3795326054096222,0.02659876085817814
0.4631330966949463,0.304912269115448,0.37310585379600525,0.2663246989250183,0.6119890213012695,0.6340915560722351,0.24742135405540466,0.16089950501918793,0.4507932662963867,0.014388621784746647
0.4344728887081146,0.3243471384048462,0.22567209601402283,0.34836843609809875,0.5019363164901733,0.49043282866477966,0.30618157982826233,0.21226078271865845,0.33528342843055725,0.07968763262033463
0.4119204878807068,0.38217484951019287,0.2775442898273468,0.18911130726337433,0.3432582914829254,0.4530247151851654,0.24559715390205383,0.3232112526893616,0.4094669222831726,0.8141550421714783
0.40577432513237,0.4703066647052765,0.26132550835609436,0.32882070541381836,0.5209595561027527,0.44523224234580994,0.3705778419971466,0.20172011852264404,0.3243924677371979,0.06676266342401505
0.40994322299957275,0.44617006182670593,0.2465352565050125,0.44230106472969055,0.49973705410957336,0.47946053743362427,0.2968696057796478,0.16864322125911713,0.4255768954753876,0.0761777013540268
0.486579567193985,0.29992640018463135,0.40593063831329346,0.2653404772281647,0.7134693264961243,0.5376021862030029,0.2945401072502136,0.1426449567079544,0.44069257378578186,0.021759118884801865
0.39929112792015076,0.4504238963127136,0.3437110483646393,0.3258289098739624,0.5228763818740845,0.5004031658172607,0.37477147579193115,0.19630742073059082,0.46867072582244873,0.042517125606536865
0.3970104455947876,0.45447757840156555,0.31200364232063293,0.32008644938468933,0.3378579616546631,0.4074811041355133,0.32986313104629517,0.12758228182792664,0.40015915036201477,0.09334848821163177
0.4002695083618164,0.4241723120212555,0.3127533197402954,0.3908758759498596,0.41739872097969055,0.3865661025047302,0.327181875705719,0.10749775916337967,0.3661811649799347,0.047893960028886795
0.40255987644195557,0.5010856986045837,0.32251617312431335,0.6152395009994507,0.40445151925086975,0.42341190576553345,0.3399718105792999,0.21353980898857117,0.4278070330619812,0.040643319487571716
0.375467449426651,0.4335152208805084,0.4141087532043457,0.5614240169525146,0.5016931891441345,0.46669909358024597,0.415457159280777,0.14397762715816498,0.3921845257282257,0.014005127362906933
0.4035228192806244,0.3300265371799469,0.4314783811569214,0.45718687772750854,0.57972651720047,0.5225735306739807,0.27372312545776367,0.14290915429592133,0.322675496339798,0.012491070665419102
0.4574602544307709,0.36496129631996155,0.48181208968162537,0.47650912404060364,0.6083546280860901,0.5414265990257263,0.287729412317276,0.16394664347171783,0.40213894844055176,0.010966356843709946
0.43824148178100586,0.28922730684280396,0.502241313457489,0.4039525091648102,0.6290803551673889,0.6390821933746338,0.27154919505119324,0.16966120898723602,0.3842666447162628,0.008319208398461342
0.4065525531768799,0.35393834114074707,0.20503218472003937,0.4021225571632385,0.5256462693214417,0.48062843084335327,0.28936663269996643,0.12158198654651642,0.3207171559333801,0.02750580757856369
0.38267460465431213,0.314355731010437,0.38893020153045654,0.3406532108783722,0.5937038064002991,0.5196801424026489,0.2733347713947296,0.12645530700683594,0.3362622857093811,0.007889363914728165
0.4389665126800537,0.31682053208351135,0.42348331212997437,0.3878830373287201,0.5854128003120422,0.5715668201446533,0.21940384805202484,0.1515377312898636,0.4253482520580292,0.012991403229534626
0.40630894899368286,0.3112848401069641,0.43161097168922424,0.44224128127098083,0.5998724699020386,0.5949575901031494,0.26390907168388367,0.1703101545572281,0.38321149349212646,0.008082827553153038
0.4287644922733307,0.3430427610874176,0.41318291425704956,0.4839693009853363,0.6187442541122437,0.6178905367851257,0.30919697880744934,0.1733729988336563,0.3807973265647888,0.007358549162745476
0.41032639145851135,0.3384878933429718,0.47245699167251587,0.5015597939491272,0.6006892919540405,0.6273226141929626,0.3201181888580322,0.1582917869091034,0.39095261693000793,0.007284917403012514
0.38904669880867004,0.40321582555770874,0.30839619040489197,0.23042844235897064,0.5079452991485596,0.49330419301986694,0.22525817155838013,0.11936233937740326,0.4422485828399658,0.021711857989430428
0.4035096764564514,0.30056944489479065,0.2964475452899933,0.3143382668495178,0.49548104405403137,0.495141863822937,0.25669243931770325,0.13712778687477112,0.30563241243362427,0.018587332218885422
0.3912580907344818,0.3946126103401184,0.37435710430145264,0.4421919584274292,0.5189681649208069,0.5107724666595459,0.33539119362831116,0.19214457273483276,0.38479259610176086,0.014867971651256084
0.41083475947380066,0.37097540497779846,0.47574129700660706,0.49116086959838867,0.5104065537452698,0.6547495722770691,0.3552675247192383,0.23344716429710388,0.4703674614429474,0.013229991309344769
0.39990782737731934,0.4665273129940033,0.4073576331138611,0.23282457888126373,0.550798773765564,0.6540493965148926,0.3216908574104309,0.19532334804534912,0.41731348633766174,0.014746353030204773
0.391780823469162,0.3236139416694641,0.4017997682094574,0.3754289448261261,0.549659252166748,0.5412715673446655,0.2576625645160675,0.15875300765037537,0.42725667357444763,0.009128845296800137
0.42828667163848877,0.31398192048072815,0.413755863904953,0.4521925449371338,0.5889105200767517,0.5876724123954773,0.2732526361942291,0.14669188857078552,0.366558313369751,0.008136852644383907
0.5349533557891846,0.44946783781051636,0.2812274396419525,0.2891875207424164,0.2610573172569275,0.3615887761116028,0.2788199484348297,0.25988730788230896,0.45525693893432617,0.6984341144561768
0.4079228639602661,0.35178759694099426,0.4542492926120758,0.41116735339164734,0.6472911834716797,0.5854383111000061,0.3140839636325836,0.13820041716098785,0.3602500855922699,0.014670616015791893
0.4464769661426544,0.509986937046051,0.3176513612270355,0.3924056589603424,0.5535767674446106,0.48146137595176697,0.28337815403938293,0.14255888760089874,0.3846926689147949,0.04046767204999924
0.4678288996219635,0.4842650890350342,0.2610088288784027,0.3327232599258423,0.3153071701526642,0.3854866921901703,0.33244895935058594,0.34031251072883606,0.5173234939575195,0.8777693510055542
0.3141670525074005,0.517786979675293,0.2634100914001465,0.2850739061832428,0.2774147391319275,0.2847307622432709,0.34664973616600037,0.3861452043056488,0.3738929331302643,0.7557013034820557
0.40905922651290894,0.3565976023674011,0.5271831154823303,0.31514424085617065,0.6116053462028503,0.5198920965194702,0.28625890612602234,0.16264504194259644,0.33150002360343933,0.009352898225188255
0.3798541724681854,0.34702834486961365,0.4462102949619293,0.40793633460998535,0.5599734783172607,0.5496208667755127,0.2851468026638031,0.16396382451057434,0.35931161046028137,0.011398660950362682
0.46355512738227844,0.3129608929157257,0.412830114364624,0.4225519895553589,0.6844660639762878,0.6366103291511536,0.29965248703956604,0.1371355801820755,0.45937037467956543,0.007793894968926907
0.39703285694122314,0.315538227558136,0.39831671118736267,0.35957229137420654,0.48863062262535095,0.6431491374969482,0.2721312642097473,0.16461755335330963,0.40987908840179443,0.013385631144046783
0.4542444050312042,0.37314948439598083,0.4317043125629425,0.3434743881225586,0.6258348822593689,0.5249062776565552,0.25559288263320923,0.13291575014591217,0.42096859216690063,0.009196674451231956
0.37394919991493225,0.4244830310344696,0.4077939987182617,0.35563531517982483,0.5518810153007507,0.610916256904602,0.387172132730484,0.14327570796012878,0.32029005885124207,0.013583536259829998
0.41985073685646057,0.31105607748031616,0.4688177704811096,0.3780669569969177,0.6022881865501404,0.5875840783119202,0.26282382011413574,0.11633411049842834,0.3755442500114441,0.008525995537638664
0.38519126176834106,0.2938676178455353,0.40651583671569824,0.30019545555114746,0.5897499322891235,0.5562158226966858,0.2367277592420578,0.16191963851451874,0.3051553964614868,0.01336624938994646
0.45139190554618835,0.29652515053749084,0.43560415506362915,0.40970689058303833,0.6327781677246094,0.6489658355712891,0.2405315339565277,0.14170394837856293,0.34561651945114136,0.008760216645896435
0.38850489258766174,0.4298502504825592,0.5703765153884888,0.4389156103134155,0.7178844213485718,0.6425619721412659,0.3334816098213196,0.18069618940353394,0.4002487063407898,0.011131294071674347
0.41998422145843506,0.3861064612865448,0.3976820707321167,0.45503881573677063,0.5502641201019287,0.45811793208122253,0.3254518508911133,0.15303699672222137,0.35543152689933777,0.018609603866934776
0.47328102588653564,0.35682055354118347,0.2552441656589508,0.21644693613052368,0.42114824056625366,0.371192067861557,0.3731389343738556,0.18087062239646912,0.4118484556674957,0.18765220046043396
0.40466898679733276,0.3203123211860657,0.35454225540161133,0.30073609948158264,0.5646879076957703,0.480522483587265,0.2398815006017685,0.19760841131210327,0.30037054419517517,0.02116815745830536
0.41095998883247375,0.3168056607246399,0.41659384965896606,0.33185213804244995,0.623668372631073,0.636681079864502,0.264909565448761,0.13230887055397034,0.36352235078811646,0.0069830697029829025
0.4242950677871704,0.42311426997184753,0.5374489426612854,0.5458367466926575,0.5512001514434814,0.6225468516349792,0.3376401960849762,0.16657739877700806,0.4063686728477478,0.00892546121031046
0.4552706778049469,0.3410712778568268,0.4593413174152374,0.3499181866645813,0.6301548480987549,0.6037493348121643,0.29536572098731995,0.13307349383831024,0.39802101254463196,0.010818474926054478
0.4436407685279846,0.30834993720054626,0.28522178530693054,0.30912110209465027,0.5895503163337708,0.5631964206695557,0.271838903427124,0.12686245143413544,0.37812045216560364,0.017302723601460457
0.4181240499019623,0.3374176025390625,0.45178383588790894,0.3230338394641876,0.6420332193374634,0.5640603303909302,0.24771547317504883,0.16714641451835632,0.41896361112594604,0.011946465820074081
0.4178701639175415,0.33628737926483154,0.5007266402244568,0.4551679491996765,0.6469443440437317,0.618217945098877,0.33470574021339417,0.18251042068004608,0.4210985004901886,0.007111789658665657
0.40913376212120056,0.3369532823562622,0.48353928327560425,0.40109696984291077,0.6376124620437622,0.6429762840270996,0.39257389307022095,0.17643602192401886,0.4304973781108856,0.006201259326189756
0.40902984142303467,0.3578888475894928,0.5938667058944702,0.3779192268848419,0.6438670754432678,0.6050115823745728,0.40158405900001526,0.19967690110206604,0.38604363799095154,0.006798561662435532
0.37248167395591736,0.35273903608322144,0.4475869834423065,0.3892976641654968,0.5989485383033752,0.58216792345047,0.2852141857147217,0.14953620731830597,0.29685258865356445,0.008390928618609905
0.4018319249153137,0.2799510061740875,0.4538147449493408,0.3846856355667114,0.6047667860984802,0.5204058885574341,0.2408023625612259,0.17246656119823456,0.35931891202926636,0.01743166707456112
0.352505624294281,0.3801286816596985,0.46852922439575195,0.427798330783844,0.6085801124572754,0.5662409663200378,0.40853914618492126,0.17513515055179596,0.32614654302597046,0.00827532634139061
0.38134104013442993,0.4326673746109009,0.4206027388572693,0.37428662180900574,0.548248291015625,0.5277233719825745,0.42872071266174316,0.1873825490474701,0.34333688020706177,0.010535874404013157
0.39799079298973083,0.27997109293937683,0.48233601450920105,0.3812465965747833,0.5752950310707092,0.525097131729126,0.34023964405059814,0.1561235934495926,0.32515594363212585,0.008119395934045315
0.39801618456840515,0.29025641083717346,0.4803527593612671,0.3251628875732422,0.6586911082267761,0.5873939990997314,0.33945730328559875,0.1521071195602417,0.34438884258270264,0.007154512219130993
0.40079617500305176,0.33485862612724304,0.5361369848251343,0.40002912282943726,0.6461594104766846,0.6436294317245483,0.4075567126274109,0.1843699812889099,0.39933061599731445,0.00631873169913888
0.42473986744880676,0.24876856803894043,0.43760156631469727,0.41919276118278503,0.6521021723747253,0.6205938458442688,0.36040592193603516,0.17054304480552673,0.4036192297935486,0.006344528403133154
0.41197851300239563,0.2924037575721741,0.46339869499206543,0.3864929974079132,0.6406468152999878,0.4699093699455261,0.307672917842865,0.1809876412153244,0.3620885908603668,0.01810656115412712
0.3859747052192688,0.3832903802394867,0.43456512689590454,0.3869328796863556,0.596775472164154,0.5949270129203796,0.37391191720962524,0.19681520760059357,0.4267784655094147,0.008436838164925575
0.49604785442352295,0.3198366165161133,0.559627890586853,0.46668779850006104,0.6843761801719666,0.695080041885376,0.3838692009449005,0.16674290597438812,0.4888746738433838,0.008876760490238667
0.41137388348579407,0.3257722854614258,0.45827242732048035,0.3556744158267975,0.6118037104606628,0.5765385627746582,0.29458847641944885,0.13438650965690613,0.3198654353618622,0.009141698479652405
0.45059138536453247,0.3312091529369354,0.5123730897903442,0.3527241051197052,0.5460967421531677,0.5396213531494141,0.28827473521232605,0.1697608232498169,0.328755646944046,0.012031840160489082
0.3771679401397705,0.3364412486553192,0.5348405241966248,0.4085630178451538,0.6421464085578918,0.5966184735298157,0.4344664514064789,0.14635460078716278,0.36317646503448486,0.006434370297938585
0.4325007498264313,0.30823004245758057,0.4122767448425293,0.3693682551383972,0.6700143218040466,0.5925087332725525,0.32532578706741333,0.15623623132705688,0.4005911946296692,0.006997460499405861
0.40165358781814575,0.3245229423046112,0.5244554281234741,0.4055298864841461,0.6635922789573669,0.5574761629104614,0.38453802466392517,0.18745635449886322,0.35315796732902527,0.006449483800679445
0.34048163890838623,0.3286736309528351,0.43945470452308655,0.4113234877586365,0.5937742590904236,0.5135531425476074,0.35325437784194946,0.1822599172592163,0.3441750109195709,0.008058948442339897
0.3663727641105652,0.3281029760837555,0.448261022567749,0.40204259753227234,0.6251617670059204,0.5610418319702148,0.3334273099899292,0.1744113713502884,0.3516024053096771,0.007229354232549667
0.40527090430259705,0.34578707814216614,0.4936763048171997,0.4566451609134674,0.6824929714202881,0.5840551257133484,0.3530729115009308,0.1443796306848526,0.3798430562019348,0.006953584495931864
0.4074955880641937,0.3010227382183075,0.47628623247146606,0.3309086263179779,0.6083212494850159,0.5548017024993896,0.284504234790802,0.15151740610599518,0.3566785156726837,0.007349276449531317
0.451316237449646,0.3762950599193573,0.4930809438228607,0.4017675518989563,0.6019402742385864,0.5022778511047363,0.37141528725624084,0.15780870616436005,0.4520232081413269,0.012530387379229069
0.3944048583507538,0.3466365337371826,0.4831553101539612,0.3841520845890045,0.6193698644638062,0.5702298879623413,0.3473968803882599,0.1610661745071411,0.4403802156448364,0.007014691364020109
0.3837102949619293,0.373934805393219,0.40409302711486816,0.3130733072757721,0.481856107711792,0.48964983224868774,0.2544148862361908,0.1282622516155243,0.34320661425590515,0.01751416176557541
0.5077608823776245,0.2753714323043823,0.4915054142475128,0.41076192259788513,0.7108093500137329,0.7003673315048218,0.3435712456703186,0.1546652913093567,0.4461666941642761,0.009229466319084167
0.4815709888935089,0.24857421219348907,0.19094109535217285,0.2498748004436493,0.573625385761261,0.6356598734855652,0.1967765986919403,0.0995439663529396,0.4263581931591034,0.029900062829256058
0.4501551389694214,0.27321818470954895,0.40289926528930664,0.2931075990200043,0.6601067781448364,0.6218573451042175,0.32634973526000977,0.1273958384990692,0.4343622922897339,0.013241760432720184
0.5640723705291748,0.5072446465492249,0.23505330085754395,0.28126049041748047,0.44816431403160095,0.3229113221168518,0.35150542855262756,0.245200976729393,0.3185534179210663,0.38742944598197937
0.42366066575050354,0.2938784956932068,0.5117458701133728,0.4467789828777313,0.6452716588973999,0.638535737991333,0.29898741841316223,0.15421046316623688,0.3706494867801666,0.00858907401561737
0.4074387550354004,0.36052119731903076,0.35197028517723083,0.3554683327674866,0.6027016043663025,0.5017306804656982,0.2642501890659332,0.15886186063289642,0.2687392234802246,0.023647353053092957
